date,home_team,away_team,home_odds,draw_odds,away_odds,prob_book_home,prob_book_draw,prob_book_away
2022-08-05,Crystal Palace,Arsenal,4.366666666666666,3.5833333333333335,1.8566666666666667,0.2187949333045882,0.26662452337582376,0.514580543319588
2022-08-06,Fulham,Liverpool,11.4,5.906666666666666,1.2666666666666668,0.08382213812677389,0.16177861873226113,0.754399243140965
2022-08-06,Bournemouth,Aston Villa,3.81,3.4599999999999995,2.03,0.251382391994474,0.27681124667599594,0.4718063613295301
2022-08-06,Leeds United,Wolverhampton Wanderers,2.296666666666667,3.3433333333333337,3.233333333333333,0.41714491274090415,0.2865531853225154,0.2963019019365804
2022-08-06,Newcastle United,Nottingham Forest,1.68,3.7466666666666666,5.4433333333333325,0.5691412766432455,0.255202138281313,0.17565658507544138
2022-08-06,Tottenham Hotspur,Southampton,1.3500000000000003,5.296666666666667,8.703333333333333,0.7092247549051869,0.1807652773672755,0.11000996772753764
2022-08-06,Everton,Chelsea,5.78,3.936666666666666,1.62,0.16566855551553103,0.2432424007315249,0.5910890437529441
2022-08-07,Leicester City,Brentford,2.0233333333333334,3.6799999999999997,3.58,0.4728141890194445,0.25996214921630695,0.26722366176424844
2022-08-07,Manchester United,Brighton & Hove Albion,1.6166666666666665,4.08,5.476666666666667,0.5912144751460153,0.23426390559298807,0.1745216192609966
2022-08-07,West Ham United,Manchester City,8.526666666666666,5.16,1.3566666666666667,0.11188852419655312,0.1848907266762163,0.7032207491272306
2022-08-13,Aston Villa,Everton,1.8099999999999998,3.483333333333333,4.873333333333334,0.5288133880171998,0.27478054516109046,0.1964060668217096
2022-08-13,Arsenal,Leicester City,1.5466666666666669,4.29,5.923333333333333,0.6166586899165339,0.22232294648117465,0.16101836360229138
2022-08-13,Brighton & Hove Albion,Newcastle United,2.4366666666666665,3.2300000000000004,3.0733333333333337,0.39258368380556824,0.2961596211164813,0.3112566950779505
2022-08-13,Manchester City,Bournemouth,1.0599999999999998,13.273333333333333,34.666666666666664,0.9005469370905356,0.07191710848688856,0.02753595442257599
2022-08-13,Southampton,Leeds United,2.28,3.483333333333333,3.126666666666667,0.4195059278895412,0.2745856982549725,0.3059083738554863
2022-08-13,Wolverhampton Wanderers,Fulham,2.3633333333333333,3.263333333333333,3.1966666666666668,0.40592320559919715,0.2939729854645871,0.30010380893621563
2022-08-13,Brentford,Manchester United,3.7900000000000005,3.546666666666667,2.0033333333333334,0.25249618075558844,0.2698196969164513,0.4776841223279603
2022-08-14,Nottingham Forest,West Ham United,4.226666666666667,3.606666666666667,1.8733333333333333,0.2258288780380558,0.2646497387728787,0.5095213831890655
2022-08-14,Chelsea,Tottenham Hotspur,2.26,3.4066666666666663,3.25,0.4239462290930626,0.2812480854452999,0.29480568546163743
2022-08-15,Liverpool,Crystal Palace,1.1866666666666665,6.78,17.19,0.8038217122804888,0.14068855927819765,0.05548972844131355
2022-08-20,Tottenham Hotspur,Wolverhampton Wanderers,1.4033333333333333,4.763333333333334,7.983333333333333,0.6800895961516259,0.20036229529729496,0.11954810855107913
2022-08-20,Crystal Palace,Aston Villa,2.526666666666667,3.2133333333333334,2.973333333333333,0.3793507492711987,0.29828617007009195,0.3223630806587093
2022-08-20,Everton,Nottingham Forest,1.9366666666666665,3.516666666666667,4.09,0.4940165864794738,0.2720603191891699,0.23392309433135638
2022-08-20,Fulham,Brentford,2.456666666666667,3.4433333333333334,2.9033333333333338,0.3906845489192098,0.27873621737992027,0.33057923370086983
2022-08-20,Leicester City,Southampton,1.846666666666667,3.9466666666666668,4.006666666666667,0.5184560213215824,0.2425883748413486,0.23895560383706882
2022-08-20,Bournemouth,Arsenal,7.8500000000000005,4.683333333333334,1.42,0.12188692270801449,0.2043015679554264,0.673811509336559
2022-08-21,Leeds United,Chelsea,5.743333333333333,4.476666666666667,1.5466666666666669,0.16676921051230087,0.2139563288999958,0.6192744605877033
2022-08-21,West Ham United,Brighton & Hove Albion,2.2966666666666664,3.44,3.14,0.41683024401538443,0.27829073461879833,0.30487902136581724
2022-08-21,Newcastle United,Manchester City,8.643333333333333,5.006666666666667,1.36,0.11011085185266375,0.19009150389744148,0.6997976442498948
2022-08-22,Manchester United,Liverpool,5.296666666666667,4.336666666666667,1.6033333333333335,0.18099866980160406,0.22106601561471856,0.5979353145836774
2022-08-27,Southampton,Manchester United,4.236666666666667,4.0,1.8,0.2266098743154493,0.24001762521244674,0.5333725004721039
2022-08-27,Brentford,Everton,2.05,3.4633333333333334,3.73,0.46695954030245673,0.27640049786911536,0.25663996182842796
2022-08-27,Brighton & Hove Albion,Leeds United,1.8933333333333333,3.7399999999999998,4.013333333333333,0.5055612606921412,0.2559347558584102,0.2385039834494487
2022-08-27,Chelsea,Leicester City,1.4166666666666667,4.87,7.386666666666667,0.6744527061948824,0.19619603020727244,0.12935126359784524
2022-08-27,Liverpool,Bournemouth,1.11,9.993333333333334,23.37,0.8631323742735446,0.09587160794966323,0.04099601777679224
2022-08-27,Manchester City,Crystal Palace,1.1866666666666665,7.333333333333333,14.753333333333336,0.8049896594394074,0.1302619630729223,0.06474837748767034
2022-08-27,Arsenal,Fulham,1.3066666666666666,5.6933333333333325,9.416666666666666,0.7308503013312863,0.16773613473177065,0.1014135639369431
2022-08-28,Aston Villa,West Ham United,2.32,3.4033333333333338,3.126666666666667,0.4125942092796626,0.2812591279712489,0.30614666274908864
2022-08-28,Wolverhampton Wanderers,Newcastle United,2.72,3.2899999999999996,2.703333333333333,0.3529935505209194,0.29183661319662646,0.35516983628245413
2022-08-28,Nottingham Forest,Tottenham Hotspur,7.05,4.543333333333334,1.4566666666666663,0.13528978467648095,0.20993242449798763,0.6547777908255314
2022-08-30,Crystal Palace,Brentford,2.07,3.4233333333333333,3.6766666666666663,0.461321900003706,0.27894926962249406,0.2597288303738
2022-08-30,Fulham,Brighton & Hove Albion,3.186666666666666,3.313333333333334,2.32,0.2998200621981535,0.2883581282308195,0.4118218095710269
2022-08-30,Southampton,Chelsea,5.260000000000001,4.08,1.6333333333333335,0.18150059374443933,0.23399341252346836,0.5845059937320923
2022-08-30,Leeds United,Everton,2.1366666666666667,3.5033333333333334,3.41,0.4471304458483237,0.2727027742995009,0.2801667798521754
2022-08-31,Arsenal,Aston Villa,1.4633333333333336,4.523333333333333,6.656666666666666,0.647946422273682,0.20961568119244398,0.14243789653387404
2022-08-31,Bournemouth,Wolverhampton Wanderers,3.5066666666666664,3.376666666666667,2.1633333333333336,0.2732647480465414,0.28378530596738544,0.44294994598607307
2022-08-31,Manchester City,Nottingham Forest,1.0666666666666667,12.81,29.686666666666667,0.8934960618385305,0.07439988024676808,0.0321040579147013
2022-08-31,West Ham United,Tottenham Hotspur,3.6566666666666663,3.7466666666666666,1.9800000000000002,0.2615897335033237,0.25530599435333284,0.4831042721433435
2022-08-31,Liverpool,Newcastle United,1.3166666666666667,5.546666666666667,9.583333333333334,0.7273938121350392,0.17266860324119018,0.0999375846237706
2022-09-01,Leicester City,Manchester United,3.383333333333333,3.7699999999999996,2.07,0.2831340090485042,0.2540946235050679,0.462771367446428
2022-09-03,Everton,Liverpool,7.6933333333333325,4.903333333333333,1.3966666666666665,0.12380292013468397,0.19424686585373935,0.6819502140115766
2022-09-03,Brentford,Leeds United,2.1533333333333338,3.53,3.3466666666666662,0.44376681494565373,0.2707019475494734,0.28553123750487286
2022-09-03,Chelsea,West Ham United,1.5533333333333335,4.3566666666666665,5.823333333333333,0.6160348879655242,0.219642125319001,0.1643229867154747
2022-09-03,Newcastle United,Crystal Palace,2.033333333333333,3.4466666666666668,3.78,0.4699555437276256,0.277246500651694,0.25279795562068047
2022-09-03,Nottingham Forest,Bournemouth,2.0,3.47,3.8666666666666667,0.4776438200113917,0.27529903170685405,0.24705714828175435
2022-09-03,Tottenham Hotspur,Fulham,1.4966666666666668,4.486666666666666,6.503333333333333,0.6395009350041241,0.21332534904669523,0.14717371594918083
2022-09-03,Wolverhampton Wanderers,Southampton,2.2333333333333334,3.4033333333333338,3.3033333333333332,0.42876054462760577,0.2813609842316316,0.28987847114076276
2022-09-03,Aston Villa,Manchester City,8.75,5.576666666666667,1.3266666666666669,0.10911652119250198,0.1712079307413734,0.7196755480661248
2022-09-04,Brighton & Hove Albion,Leicester City,1.8366666666666667,3.51,4.616666666666666,0.5205348955989183,0.27237865857075405,0.20708644583032781
2022-09-04,Manchester United,Arsenal,2.566666666666667,3.526666666666667,2.693333333333334,0.3730287421826046,0.27148594657902225,0.3554853112383732
2022-09-16,Aston Villa,Southampton,2.0966666666666667,3.5400000000000005,3.533333333333333,0.45752457469300434,0.27098206919199597,0.27149335611499975
2022-09-16,Nottingham Forest,Fulham,2.7733333333333334,3.376666666666667,2.5966666666666667,0.34609755573401,0.28425781477857487,0.36964462948741506
2022-09-17,Wolverhampton Wanderers,Manchester City,9.433333333333334,5.256666666666667,1.336666666666667,0.10150323019615845,0.18215227739703765,0.716344492406804
2022-09-17,Newcastle United,Bournemouth,1.4566666666666663,4.386666666666667,7.5,0.6551838741126474,0.21756485789302957,0.12725126799432307
2022-09-17,Tottenham Hotspur,Leicester City,1.4799999999999998,4.486666666666667,6.846666666666667,0.6468180401676632,0.2133634545575352,0.13981850527480155
2022-09-18,Brentford,Arsenal,4.286666666666666,3.8599999999999994,1.8033333333333335,0.22283552062465856,0.24746673533964675,0.5296977440356947
2022-09-18,Everton,West Ham United,2.92,3.296666666666667,2.506666666666667,0.3278004128974932,0.2903469784612781,0.3818526086412288
2022-10-01,Arsenal,Tottenham Hotspur,2.0766666666666667,3.6333333333333333,3.4566666666666666,0.4603349853041253,0.263108895270156,0.2765561194257185
2022-10-01,Bournemouth,Brentford,3.35,3.43,2.1999999999999997,0.28576297502508846,0.2790979493685266,0.4351390756063848
2022-10-01,Crystal Palace,Chelsea,4.273333333333333,3.5866666666666664,1.87,0.22338108331143816,0.2661473501907656,0.5104715664977962
2022-10-01,Fulham,Newcastle United,3.0366666666666666,3.4233333333333333,2.3666666666666667,0.3154426610058847,0.2798133049429026,0.40474403405121256
2022-10-01,Liverpool,Brighton & Hove Albion,1.3566666666666667,5.246666666666667,8.306666666666667,0.7032845818832512,0.1818531288605357,0.11486228925621317
2022-10-01,Southampton,Everton,2.1766666666666663,3.4266666666666663,3.396666666666667,0.43935990886758497,0.27908756857055733,0.28155252256185764
2022-10-01,West Ham United,Wolverhampton Wanderers,1.9566666666666668,3.44,4.236666666666667,0.49245569700093816,0.280108036956929,0.2274362660421327
2022-10-02,Manchester City,Manchester United,1.3433333333333335,5.636666666666667,7.913333333333334,0.7101888342574756,0.16925257256402285,0.12055859317850154
2022-10-02,Leeds United,Aston Villa,2.376666666666667,3.4133333333333336,3.0066666666666664,0.4021305367353887,0.27999909442610565,0.3178703688385058
2022-10-03,Leicester City,Nottingham Forest,1.7533333333333332,4.033333333333333,4.403333333333333,0.5455853058794777,0.23717179412612005,0.21724289999440216
2022-10-08,Bournemouth,Leicester City,3.58,3.5666666666666664,2.0466666666666664,0.2664589008093783,0.26745500884978723,0.4660860903408344
2022-10-08,Chelsea,Wolverhampton Wanderers,1.403333333333333,4.64,8.226666666666667,0.6788746444038514,0.20532056414800387,0.1158047914481448
2022-10-08,Manchester City,Southampton,1.1133333333333335,9.923333333333334,20.133333333333333,0.8565372877637136,0.09609790195266389,0.047364810283622584
2022-10-08,Newcastle United,Brentford,1.8066666666666666,3.8466666666666662,4.36,0.5307732232097773,0.24928863689748637,0.21993813989273642
2022-10-08,Brighton & Hove Albion,Tottenham Hotspur,2.7733333333333334,3.4166666666666665,2.5500000000000003,0.34491214719770563,0.2799677136277962,0.3751201391744981
2022-10-09,Crystal Palace,Leeds United,2.0366666666666666,3.5933333333333333,3.6199999999999997,0.4696146514598189,0.2661730538422536,0.2642122946979276
2022-10-09,West Ham United,Fulham,1.7533333333333332,3.8166666666666664,4.69,0.5454841880470662,0.2505892427185649,0.20392656923436872
2022-10-09,Arsenal,Liverpool,2.5566666666666666,3.6300000000000003,2.626666666666667,0.3734595531099217,0.26303349608384746,0.36350695080623086
2022-10-09,Everton,Manchester United,3.5733333333333337,3.5566666666666666,2.07,0.2680293979757643,0.26928539328024315,0.4626852087439926
2022-10-10,Nottingham Forest,Aston Villa,3.3666666666666667,3.4333333333333336,2.19,0.28426265867981754,0.2787429954044813,0.4369943459157013
2022-10-14,Brentford,Brighton & Hove Albion,3.206666666666667,3.39,2.28,0.29829802014588397,0.28216587549689326,0.4195361043572229
2022-10-15,Leicester City,Crystal Palace,2.31,3.4499999999999997,3.106666666666667,0.4143999938137713,0.27746782194487296,0.3081321842413557
2022-10-15,Fulham,Bournemouth,1.8833333333333335,3.7066666666666666,4.076666666666667,0.507595592947432,0.25790603418642,0.23449837286614802
2022-10-15,Wolverhampton Wanderers,Nottingham Forest,1.7133333333333332,3.7433333333333336,5.136666666666667,0.5582686713729326,0.2555210125429095,0.18621031608415792
2022-10-15,Tottenham Hotspur,Everton,1.4833333333333334,4.456666666666667,6.919999999999999,0.6463333501769863,0.2151221696550179,0.13854448016799564
2022-10-16,Aston Villa,Chelsea,4.503333333333333,3.6666666666666665,1.8166666666666667,0.21244589185635893,0.2609221817254008,0.5266319264182402
2022-10-16,Leeds United,Arsenal,5.91,4.296666666666667,1.5600000000000003,0.16223372713036452,0.22315003739498548,0.61461623547465
2022-10-16,Manchester United,Newcastle United,1.9800000000000002,3.736666666666667,3.6333333333333333,0.48196530168537377,0.2553857173961749,0.26264898091845146
2022-10-16,Southampton,West Ham United,2.953333333333333,3.4066666666666667,2.4166666666666665,0.3237297229280774,0.280650229466024,0.39562004760589875
2022-10-16,Liverpool,Manchester City,3.766666666666667,4.003333333333333,1.8866666666666667,0.25397799195658766,0.23896347286506586,0.5070585351783464
2022-10-18,Brighton & Hove Albion,Nottingham Forest,1.3966666666666665,4.806666666666667,7.989999999999999,0.68242127614627,0.19829023211184957,0.11928849174188032
2022-10-18,Crystal Palace,Wolverhampton Wanderers,2.2733333333333334,3.1700000000000004,3.426666666666667,0.42006852558279834,0.3012478805967071,0.27868359382049457
2022-10-19,Bournemouth,Southampton,2.6933333333333334,3.3166666666666664,2.6533333333333338,0.3537148951297547,0.2872378243867757,0.3590472804834695
2022-10-19,Brentford,Chelsea,4.733333333333333,3.8266666666666667,1.7433333333333334,0.20193702189945997,0.24978272743661428,0.5482802506639257
2022-10-19,Liverpool,West Ham United,1.4166666666666667,4.95,7.1933333333333325,0.6742465923472065,0.19296619646300525,0.13278721118978817
2022-10-19,Newcastle United,Everton,1.6266666666666667,3.92,5.603333333333333,0.5864176143375164,0.24334336377271085,0.17023902188977275
2022-10-19,Manchester United,Tottenham Hotspur,2.44,3.53,2.8266666666666667,0.39147743025585496,0.2705962974006476,0.3379262723434974
2022-10-20,Fulham,Aston Villa,2.8800000000000003,3.39,2.4966666666666666,0.33298973533774234,0.2828939344462236,0.38411633021603403
2022-10-20,Leicester City,Leeds United,2.3033333333333332,3.5500000000000003,3.026666666666667,0.4149653938034547,0.26924045738796915,0.31579414880857615
2022-10-22,Nottingham Forest,Liverpool,11.046666666666667,5.866666666666667,1.2666666666666666,0.08617712698240894,0.16226761296574047,0.7515552600518507
2022-10-22,Everton,Crystal Palace,2.5966666666666667,3.1966666666666668,2.9133333333333336,0.36987599252098236,0.30045192718857694,0.32967208029044076
2022-10-22,Manchester City,Brighton & Hove Albion,1.2033333333333334,6.903333333333333,14.463333333333333,0.795221785617605,0.13861664152967426,0.06616157285272077
2022-10-22,Chelsea,Manchester United,2.0999999999999996,3.48,3.5133333333333336,0.45430359239607027,0.27414871954935266,0.271547688054577
2022-10-23,Aston Villa,Brentford,2.143333333333333,3.453333333333333,3.47,0.44676131230201327,0.27728525464304493,0.27595343305494185
2022-10-23,Leeds United,Fulham,2.0366666666666666,3.563333333333333,3.65,0.46958209758745234,0.26839538037973193,0.26202252203281584
2022-10-23,Southampton,Arsenal,5.8999999999999995,4.103333333333333,1.5833333333333333,0.16222781115570234,0.23326013464304887,0.6045120542012488
2022-10-23,Wolverhampton Wanderers,Leicester City,2.2666666666666666,3.2999999999999994,3.3033333333333332,0.42139964006064845,0.28944621741539495,0.2891541425239566
2022-10-23,Tottenham Hotspur,Newcastle United,2.0733333333333333,3.5400000000000005,3.543333333333333,0.46065461655981094,0.26979959651619806,0.269545786923991
2022-10-24,West Ham United,Bournemouth,1.5633333333333335,4.04,6.176666666666667,0.6097312724033555,0.2359438669613645,0.15432486063527995
2022-10-29,Leicester City,Manchester City,9.706666666666665,5.976666666666667,1.2866666666666668,0.09834645049426306,0.1597238504402086,0.7419296990655284
2022-10-29,Bournemouth,Tottenham Hotspur,5.136666666666667,3.8166666666666664,1.6966666666666665,0.18610341807224953,0.25046756965007555,0.563429012277675
2022-10-29,Brentford,Wolverhampton Wanderers,2.1966666666666668,3.4,3.3800000000000003,0.4355438992776308,0.2813955192391752,0.28306058148319396
2022-10-29,Brighton & Hove Albion,Chelsea,3.0566666666666666,3.3266666666666667,2.396666666666667,0.31306545971272015,0.2876563392350345,0.3992782010522453
2022-10-29,Crystal Palace,Southampton,1.9366666666666665,3.5733333333333337,4.04,0.49471874157549806,0.26812648214119805,0.23715477628330392
2022-10-29,Newcastle United,Aston Villa,1.8099999999999998,3.723333333333333,4.476666666666667,0.528976755617507,0.2571480557746699,0.213875188607823
2022-10-29,Fulham,Everton,2.353333333333333,3.42,3.06,0.4069718605627888,0.28004106584534977,0.3129870735918615
2022-10-29,Liverpool,Leeds United,1.3066666666666666,5.826666666666667,9.143333333333333,0.7314403325829917,0.164030097467124,0.10452956994988435
2022-10-30,Arsenal,Nottingham Forest,1.2,6.966666666666666,14.616666666666667,0.7972276469795097,0.13732150857063327,0.06545084444985712
2022-10-30,Manchester United,West Ham United,1.6900000000000002,3.983333333333334,4.8966666666666665,0.5651631642608117,0.2397805224102356,0.19505631332895274
2022-11-05,Leeds United,Bournemouth,1.7366666666666666,3.8466666666666662,4.776666666666666,0.5509502053800271,0.24873921750692737,0.20031057711304548
2022-11-05,Manchester City,Fulham,1.12,9.443333333333333,20.206666666666667,0.851767396743021,0.10102147734050657,0.04721112591647231
2022-11-05,Nottingham Forest,Brentford,2.793333333333333,3.3433333333333337,2.5866666666666664,0.3430072318465668,0.2865803193294346,0.37041244882399865
2022-11-05,Wolverhampton Wanderers,Brighton & Hove Albion,3.3966666666666665,3.31,2.233333333333333,0.2819221265922767,0.28930377341140984,0.42877409999631344
2022-11-05,Everton,Leicester City,2.41,3.3200000000000003,3.0400000000000005,0.39703545184182787,0.288209469559881,0.31475507859829116
2022-11-06,Chelsea,Arsenal,2.623333333333333,3.3833333333333333,2.703333333333333,0.36419572016439056,0.28238623819642894,0.35341804163918045
2022-11-06,Aston Villa,Manchester United,3.36,3.643333333333333,2.14,0.2863421238838384,0.264073980672378,0.44958389544378363
2022-11-06,Southampton,Newcastle United,4.04,3.6366666666666667,1.9133333333333333,0.23683181467158104,0.26309822124835586,0.5000699640800631
2022-11-06,West Ham United,Crystal Palace,1.91,3.453333333333333,4.246666666666666,0.49928768516213773,0.27615042818330593,0.22456188665455645
2022-11-06,Tottenham Hotspur,Liverpool,3.293333333333333,3.6199999999999997,2.1466666666666665,0.2903666159599838,0.26416410365420256,0.4454692803858136
2022-11-12,Manchester City,Brentford,1.1366666666666667,8.593333333333334,18.746666666666666,0.8382889614290471,0.11088306278018038,0.05082797579077259
2022-11-12,Bournemouth,Everton,2.8466666666666662,3.223333333333333,2.61,0.33626775966719685,0.2969727681031914,0.3667594722296118
2022-11-12,Liverpool,Southampton,1.25,6.330000000000001,11.516666666666666,0.7656905084087086,0.15120270703173547,0.08310678455955593
2022-11-12,Nottingham Forest,Crystal Palace,3.15,3.203333333333333,2.4200000000000004,0.3044136723183069,0.299345390573153,0.39624093710853997
2022-11-12,Tottenham Hotspur,Leeds United,1.64,4.25,4.966666666666667,0.5827221613862025,0.22486219874667576,0.19241563986712187
2022-11-12,West Ham United,Leicester City,2.0799999999999996,3.486666666666667,3.6300000000000003,0.4609227243262141,0.27496728487529404,0.26410999079849173
2022-11-12,Newcastle United,Chelsea,2.32,3.4433333333333334,3.0933333333333333,0.41258112830753874,0.2779830254618073,0.30943584623065407
2022-11-12,Wolverhampton Wanderers,Arsenal,6.166666666666667,4.233333333333333,1.5466666666666669,0.15518885067339447,0.22606249901242503,0.6187486503141805
2022-11-13,Brighton & Hove Albion,Aston Villa,1.8533333333333335,3.6966666666666668,4.243333333333333,0.5159649565867941,0.2586803569542448,0.22535468645896115
2022-11-13,Fulham,Manchester United,3.9,3.856666666666667,1.8866666666666667,0.2451957711103756,0.24795077977453706,0.5068534491150873
2022-12-26,Brentford,Tottenham Hotspur,3.9166666666666665,3.6966666666666668,1.93,0.2445661054171931,0.2591209863527519,0.4963129082300551
2022-12-26,Crystal Palace,Fulham,2.063333333333333,3.5866666666666664,3.56,0.46406580129095615,0.2669672221181244,0.26896697659091934
2022-12-26,Everton,Wolverhampton Wanderers,2.3366666666666664,3.236666666666667,3.2466666666666666,0.40955933204544087,0.29567568667750155,0.2947649812770575
2022-12-26,Leicester City,Newcastle United,3.2866666666666666,3.546666666666667,2.19,0.2917618618721394,0.27037330432888107,0.43786483379897945
2022-12-26,Southampton,Brighton & Hove Albion,3.4,3.5,2.143333333333333,0.28107709793048324,0.273046323703898,0.4458765783656189
2022-12-26,Aston Villa,Liverpool,4.62,4.03,1.7300000000000002,0.20760144239215556,0.2379947056704116,0.5544038519374327
2022-12-26,Arsenal,West Ham United,1.4966666666666668,4.38,6.616666666666667,0.6377952929191809,0.21793766097466688,0.14426704610615226
2022-12-27,Chelsea,Bournemouth,1.3133333333333335,5.406666666666666,10.063333333333333,0.728111099281943,0.17686545814863475,0.09502344256942219
2022-12-27,Manchester United,Nottingham Forest,1.3066666666666666,5.483333333333333,10.719999999999999,0.735192261297929,0.17519475162844267,0.08961298707362818
2022-12-28,Leeds United,Manchester City,9.593333333333334,5.863333333333333,1.2966666666666666,0.09965504912109252,0.16305129697015594,0.7372936539087515
2022-12-30,West Ham United,Brentford,2.026666666666667,3.5866666666666664,3.643333333333333,0.47140394898229127,0.2663695176405512,0.26222653337715746
2022-12-30,Liverpool,Leicester City,1.29,5.96,9.683333333333334,0.7409264983351,0.16036831927051665,0.09870518239438338
2022-12-31,Wolverhampton Wanderers,Manchester United,4.0200000000000005,3.6033333333333335,1.9333333333333333,0.23838220387765546,0.2659472135767368,0.4956705825456078
2022-12-31,Bournemouth,Crystal Palace,2.89,3.2733333333333334,2.533333333333333,0.33072266038710757,0.2919924099344422,0.37728492967845034
2022-12-31,Fulham,Southampton,1.9966666666666668,3.563333333333333,3.766666666666667,0.47837156374756395,0.2680491736995237,0.2535792625529122
2022-12-31,Manchester City,Everton,1.1333333333333335,8.49,21.95,0.8437943590227337,0.11263843033676069,0.04356721064050562
2022-12-31,Newcastle United,Leeds United,1.46,4.6000000000000005,6.933333333333334,0.6544638704205314,0.20772114148129908,0.13781498809816958
2022-12-31,Brighton & Hove Albion,Arsenal,3.466666666666667,3.5400000000000005,2.11,0.2760711707294236,0.2703521822585692,0.45357664701200723
2023-01-01,Tottenham Hotspur,Aston Villa,1.6733333333333331,4.036666666666667,5.003333333333333,0.5717627593669347,0.2370147854683742,0.19122245516469102
2023-01-01,Nottingham Forest,Chelsea,5.1433333333333335,3.8266666666666667,1.7,0.18623476115013357,0.25031379482112903,0.5634514440287375
2023-01-02,Brentford,Liverpool,5.586666666666666,4.406666666666667,1.5533333333333335,0.1705220968018734,0.216183838305552,0.6132940648925745
2023-01-03,Arsenal,Newcastle United,1.8033333333333335,3.8166666666666664,4.3933333333333335,0.5310788701971042,0.250928968363872,0.21799216143902383
2023-01-03,Everton,Brighton & Hove Albion,3.5566666666666666,3.47,2.1166666666666667,0.26988433965738345,0.27662496677658804,0.45349069356602856
2023-01-03,Leicester City,Fulham,2.22,3.61,3.1333333333333333,0.4303909208747333,0.2646725330587003,0.3049365460665664
2023-01-03,Manchester United,Bournemouth,1.29,5.673333333333333,10.61,0.7413101958261681,0.1685587813071252,0.0901310228667066
2023-01-04,Southampton,Nottingham Forest,2.05,3.44,3.7899999999999996,0.4679835314134341,0.2788855347085872,0.2531309338779788
2023-01-04,Leeds United,West Ham United,2.6166666666666667,3.53,2.6266666666666665,0.36530237652376757,0.2707859920407531,0.36391163143547917
2023-01-04,Aston Villa,Wolverhampton Wanderers,1.9633333333333332,3.5866666666666664,3.9433333333333334,0.48892953566774044,0.2676389372753709,0.2434315270568885
2023-01-04,Crystal Palace,Tottenham Hotspur,3.3966666666666665,3.4933333333333336,2.16,0.2820986587619137,0.27429249358624996,0.4436088476518364
2023-01-05,Chelsea,Manchester City,5.2,4.03,1.6566666666666665,0.18419070618193117,0.23766542733152413,0.5781438664865447
2023-01-12,Fulham,Chelsea,3.31,3.5,2.1866666666666665,0.289064644221351,0.2733725635350491,0.43756279224359995
2023-01-13,Aston Villa,Leeds United,1.9400000000000002,3.6,4.003333333333333,0.4941968786362379,0.26631720682063936,0.23948591454312282
2023-01-14,Manchester United,Manchester City,4.22,3.793333333333333,1.8366666666666667,0.22675126712645804,0.25225580332345865,0.5209929295500833
2023-01-14,Brighton & Hove Albion,Liverpool,3.3466666666666662,3.6466666666666665,2.123333333333333,0.28621547049821705,0.2626694080257861,0.4511151214759968
2023-01-14,Everton,Southampton,2.26,3.3433333333333337,3.2866666666666666,0.42308363636363644,0.2859927272727273,0.29092363636363644
2023-01-14,Nottingham Forest,Leicester City,2.686666666666667,3.353333333333333,2.6566666666666667,0.3555574279379157,0.28487006651884705,0.3595725055432373
2023-01-14,Wolverhampton Wanderers,West Ham United,2.6666666666666665,3.263333333333333,2.7399999999999998,0.3583720248777798,0.2928474156304636,0.34878055949175657
2023-01-14,Brentford,Bournemouth,1.6566666666666665,4.013333333333334,5.243333333333333,0.5784534863583789,0.23878021820607495,0.18276629543554626
2023-01-15,Chelsea,Crystal Palace,1.6433333333333333,3.9033333333333338,5.463333333333334,0.5807872604210073,0.24451590041635912,0.17469683916263365
2023-01-15,Newcastle United,Fulham,1.51,4.359999999999999,6.506666666666667,0.6335529861568101,0.21941858006806955,0.14702843377512037
2023-01-15,Tottenham Hotspur,Arsenal,3.23,3.6033333333333335,2.186666666666667,0.2964257244839566,0.2657137160267844,0.437860559489259
2023-01-18,Crystal Palace,Manchester United,4.54,3.69,1.8,0.2104122711980384,0.2588812225580202,0.5307065062439413
2023-01-19,Manchester City,Tottenham Hotspur,1.3666666666666665,5.193333333333333,8.266666666666667,0.7000445699004606,0.18422225523696328,0.11573317486257612
2023-01-21,Liverpool,Chelsea,1.8633333333333333,3.776666666666667,4.066666666666666,0.5124060873662276,0.2528111234225254,0.23478278921124696
2023-01-21,Bournemouth,Nottingham Forest,2.7699999999999996,3.1166666666666667,2.7566666666666664,0.3455894545036866,0.30714955795996096,0.3472609875363525
2023-01-21,Leicester City,Brighton & Hove Albion,3.5700000000000003,3.5700000000000003,2.066666666666667,0.2682821289485071,0.2682821289485071,0.46343574210298566
2023-01-21,Southampton,Aston Villa,2.8800000000000003,3.3166666666666664,2.5399999999999996,0.33308907065078425,0.2892351327058067,0.37767579664340906
2023-01-21,West Ham United,Everton,1.8,3.6333333333333333,4.833333333333333,0.5353815927644727,0.26523491751634426,0.19938348971918296
2023-01-21,Crystal Palace,Newcastle United,4.416666666666667,3.5233333333333334,1.8666666666666665,0.21646805841770445,0.27135305336183385,0.5121788882204615
2023-01-22,Leeds United,Brentford,2.373333333333333,3.606666666666667,2.9166666666666665,0.40457084936161775,0.26622407092927153,0.32920507970911067
2023-01-22,Manchester City,Wolverhampton Wanderers,1.1933333333333334,7.55,13.65,0.802902600446414,0.12690469358049283,0.0701927059730931
2023-01-22,Arsenal,Manchester United,1.8533333333333333,3.7733333333333334,4.13,0.51548648497661,0.25318947495317595,0.23132404007021404
2023-01-23,Fulham,Tottenham Hotspur,3.293333333333333,3.6933333333333334,2.1166666666666667,0.29005666077412207,0.2586425819899211,0.4513007572359568
2023-02-03,Chelsea,Fulham,1.6300000000000001,3.97,5.513333333333333,0.5860887400892382,0.24063593106938494,0.17327532884137695
2023-02-04,Everton,Arsenal,8.476666666666667,4.613333333333333,1.403333333333333,0.11264042016873325,0.20696863330136464,0.680390946529902
2023-02-04,Aston Villa,Leicester City,1.9733333333333334,3.61,3.8333333333333335,0.4851043045338722,0.26517243608869095,0.24972325937743678
2023-02-04,Brentford,Southampton,1.8733333333333333,3.5933333333333337,4.253333333333334,0.5097425361574459,0.2657470364754031,0.2245104273671509
2023-02-04,Brighton & Hove Albion,Bournemouth,1.3366666666666667,5.156666666666666,9.293333333333335,0.7127369979464158,0.18474953857563847,0.10251346347794572
2023-02-04,Manchester United,Crystal Palace,1.403333333333333,4.72,8.323333333333332,0.6821660677679973,0.20281914867960932,0.11501478355239358
2023-02-04,Wolverhampton Wanderers,Liverpool,4.046666666666667,3.81,1.8633333333333333,0.2361915077268854,0.25086307119898416,0.5129454210741303
2023-02-04,Newcastle United,West Ham United,1.61,3.84,6.1000000000000005,0.5941046074557288,0.24909073385513633,0.15680465868913498
2023-02-05,Nottingham Forest,Leeds United,2.64,3.3866666666666667,2.6933333333333334,0.362354868781604,0.2824656063730614,0.35517952484533466
2023-02-05,Tottenham Hotspur,Manchester City,4.39,4.1433333333333335,1.7466666666666668,0.21867998714776815,0.23169874744457813,0.5496212654076538
2023-02-08,Manchester United,Leeds United,1.4666666666666666,4.826666666666667,6.396666666666667,0.6522504150047698,0.19819763991857642,0.1495519450766538
2023-02-11,West Ham United,Chelsea,3.3433333333333337,3.2900000000000005,2.2666666666666666,0.2864335826688819,0.2910768828945173,0.42248953443660087
2023-02-11,Arsenal,Brentford,1.4433333333333334,4.673333333333333,7.273333333333333,0.6634439635691414,0.20490102441186753,0.13165501201899094
2023-02-11,Crystal Palace,Brighton & Hove Albion,3.7999999999999994,3.486666666666667,2.02,0.251822294684954,0.2744525965017663,0.4737251088132797
2023-02-11,Fulham,Nottingham Forest,1.92,3.5233333333333334,4.233333333333333,0.5003798352581054,0.27267623945947833,0.22694392528241625
2023-02-11,Leicester City,Tottenham Hotspur,3.3866666666666667,3.6333333333333333,2.1199999999999997,0.28331867506710645,0.26408419620933965,0.4525971287235538
2023-02-11,Southampton,Wolverhampton Wanderers,3.02,3.16,2.533333333333333,0.3176820428161741,0.30360752193191315,0.3787104352519128
2023-02-11,Bournemouth,Newcastle United,6.510000000000001,3.9933333333333336,1.5599999999999998,0.14698762204531188,0.2396217244194442,0.6133906535352439
2023-02-12,Leeds United,Manchester United,3.81,3.7900000000000005,1.92,0.25064842466390413,0.2519711076436609,0.4973804676924348
2023-02-12,Manchester City,Aston Villa,1.25,6.386666666666667,11.593333333333334,0.7671412905259343,0.15014508556744538,0.08271362390662028
2023-02-13,Liverpool,Everton,1.5233333333333334,4.336666666666667,6.296666666666667,0.6276694780303207,0.2204803623826722,0.15185015958700718
2023-02-15,Arsenal,Manchester City,2.91,3.5,2.4033333333333338,0.32870442132521227,0.2732942474446765,0.39800133123011133
2023-02-18,Aston Villa,Arsenal,4.456666666666666,3.6666666666666665,1.7166666666666668,0.20783232535572713,0.2526107445460065,0.5395569300982662
2023-02-18,Brentford,Crystal Palace,1.8433333333333335,3.5066666666666664,4.58,0.5186345588451632,0.2726282424347674,0.20873719872006932
2023-02-18,Brighton & Hove Albion,Fulham,1.66,3.92,5.32,0.5762030017019959,0.24400433235339622,0.17979266594460774
2023-02-18,Chelsea,Southampton,1.3933333333333333,4.676666666666667,9.063333333333333,0.6888636961597961,0.20523522807896993,0.10590107576123385
2023-02-18,Everton,Leeds United,2.46,3.3033333333333332,2.9766666666666666,0.38893403446934655,0.28964007814165266,0.32142588738900085
2023-02-18,Nottingham Forest,Manchester City,9.6,5.5566666666666675,1.3066666666666666,0.09925959050846798,0.17148627514360393,0.729254134347928
2023-02-18,Wolverhampton Wanderers,Bournemouth,1.6766666666666665,3.72,5.676666666666667,0.5727121098205367,0.258130995734525,0.1691568944449383
2023-02-18,Newcastle United,Liverpool,2.5233333333333334,3.4933333333333336,2.7399999999999998,0.37832173790077145,0.27327247670885874,0.34840578539036987
2023-02-19,Manchester United,Leicester City,1.6233333333333333,4.29,5.206666666666667,0.5916532583112919,0.2238812251729597,0.18446551651574847
2023-02-19,Tottenham Hotspur,West Ham United,1.8166666666666667,3.653333333333333,4.473333333333333,0.5253830805181704,0.2612534478854041,0.21336347159642544
2023-02-24,Fulham,Wolverhampton Wanderers,2.53,3.22,2.98,0.3795487627365357,0.298216885007278,0.3222343522561863
2023-02-25,Everton,Aston Villa,2.53,3.216666666666667,2.983333333333333,0.37956812273805,0.2985411452416372,0.3218907320203128
2023-02-25,Leeds United,Southampton,1.9733333333333334,3.5400000000000005,3.9233333333333333,0.48533971768948647,0.2705471872619359,0.24411309504857773
2023-02-25,Leicester City,Arsenal,4.76,4.016666666666667,1.7066666666666668,0.20104039446878227,0.23824538033312953,0.5607142251980881
2023-02-25,West Ham United,Nottingham Forest,1.78,3.5766666666666667,4.986666666666667,0.5391934442573095,0.26834044662945317,0.19246610911323744
2023-02-25,Bournemouth,Manchester City,10.223333333333334,5.663333333333334,1.2866666666666666,0.09301654674861062,0.16791156496644427,0.7390718882849451
2023-02-25,Crystal Palace,Liverpool,4.703333333333333,3.8466666666666662,1.7466666666666668,0.203440101683716,0.2487469527519266,0.5478129455643573
2023-02-26,Tottenham Hotspur,Chelsea,2.5466666666666664,3.2699999999999996,2.9133333333333327,0.3769404391250559,0.29356013811574183,0.32949942275920224
2023-03-01,Arsenal,Everton,1.3533333333333335,4.92,9.533333333333333,0.7057034566322778,0.19411626246118213,0.10018028090654016
2023-03-01,Liverpool,Wolverhampton Wanderers,1.49,4.569999999999999,6.56,0.6438430596032464,0.20991819667589434,0.1462387437208593
2023-03-04,Manchester City,Newcastle United,1.47,4.5,6.833333333333333,0.648597342332841,0.21187513182872808,0.13952752583843073
2023-03-04,Arsenal,Bournemouth,1.2133333333333332,6.776666666666666,12.896666666666667,0.7854676525526001,0.1406346411850204,0.07389770626237954
2023-03-04,Aston Villa,Crystal Palace,2.06,3.323333333333333,3.8633333333333333,0.4644513855086817,0.2878946401648599,0.24765397432645841
2023-03-04,Brighton & Hove Albion,West Ham United,1.7766666666666666,3.7266666666666666,4.583333333333333,0.536371182465992,0.25571184280355436,0.20791697473045367
2023-03-04,Chelsea,Leeds United,1.6333333333333335,3.983333333333334,5.456666666666667,0.5850108929855752,0.23987894356730702,0.17511016344711783
2023-03-04,Wolverhampton Wanderers,Tottenham Hotspur,3.306666666666666,3.3699999999999997,2.236666666666667,0.28905099225582415,0.2836187777623912,0.42733022998178455
2023-03-04,Southampton,Leicester City,2.766666666666667,3.283333333333333,2.623333333333333,0.34515161701815034,0.29083841840108104,0.36400996458076856
2023-03-05,Nottingham Forest,Everton,2.6733333333333333,3.0366666666666666,2.9133333333333327,0.35740179478800455,0.31463912120744203,0.3279590840045534
2023-03-05,Liverpool,Manchester United,2.3833333333333333,3.653333333333333,2.8466666666666662,0.401669531901088,0.2620380614135748,0.3362924066853372
2023-03-06,Brentford,Fulham,1.9833333333333334,3.6199999999999997,3.723333333333333,0.480640070495557,0.2633341086048402,0.2560258208996029
2023-03-11,Bournemouth,Liverpool,7.19,4.89,1.42,0.13273641008779893,0.1951686684113036,0.6720949215008976
2023-03-11,Everton,Brentford,2.69,3.2266666666666666,2.7399999999999998,0.35518559288214674,0.2961103031569136,0.3487041039609397
2023-03-11,Leeds United,Brighton & Hove Albion,3.813333333333333,3.653333333333333,1.9533333333333334,0.25024937033989175,0.26120919677813526,0.48854143288197294
2023-03-11,Leicester City,Chelsea,3.7833333333333337,3.5366666666666666,1.99,0.25183093350275343,0.2693950136905044,0.47877405280674223
2023-03-11,Tottenham Hotspur,Nottingham Forest,1.4366666666666665,4.613333333333334,7.433333333333334,0.6645888395966024,0.20696372100154303,0.12844743940185455
2023-03-11,Crystal Palace,Manchester City,9.06,4.983333333333333,1.3533333333333335,0.1051232722214217,0.19112043738984896,0.7037562903887294
2023-03-12,Fulham,Arsenal,5.94,4.076666666666667,1.5766666666666669,0.16065509667288852,0.23408616702460125,0.6052587363025103
2023-03-12,Manchester United,Southampton,1.3433333333333335,5.11,9.336666666666666,0.710853094965926,0.18687136155986184,0.10227554347421215
2023-03-12,West Ham United,Aston Villa,2.216666666666667,3.3333333333333335,3.383333333333333,0.43100245225533174,0.2866166307497956,0.28238091699487256
2023-03-12,Newcastle United,Wolverhampton Wanderers,1.6666666666666667,3.776666666666667,5.433333333333334,0.5720644675664207,0.25245563440707,0.1754798980265094
2023-03-15,Brighton & Hove Albion,Crystal Palace,1.45,4.303333333333334,7.739999999999999,0.6560446032122244,0.22105298404129944,0.12290241274647616
2023-03-15,Southampton,Brentford,2.9433333333333334,3.2866666666666666,2.48,0.32442616092348486,0.2905358013138308,0.3850380377626843
2023-03-17,Nottingham Forest,Newcastle United,5.603333333333333,3.7900000000000005,1.6499999999999997,0.17022981319681435,0.25167661915905437,0.5780935676441312
2023-03-18,Aston Villa,Bournemouth,1.7133333333333332,3.81,4.97,0.557280380002021,0.250605525215257,0.19211409478272218
2023-03-18,Brentford,Leicester City,1.9366666666666665,3.6633333333333336,3.813333333333333,0.49103142078370154,0.25958985939520524,0.24937871982109316
2023-03-18,Southampton,Tottenham Hotspur,4.623333333333334,3.6266666666666665,1.79,0.20585941945597294,0.2624329180013185,0.5317076625427085
2023-03-18,Wolverhampton Wanderers,Leeds United,2.2666666666666666,3.216666666666667,3.35,0.41994219340311983,0.2959178150405404,0.2841399915563398
2023-03-18,Chelsea,Everton,1.49,4.13,7.6499999999999995,0.6428610669688911,0.23192808469337717,0.12521084833773174
2023-03-19,Arsenal,Crystal Palace,1.25,5.673333333333333,14.243333333333334,0.7644737546107958,0.16843575674444677,0.0670904886447574
2023-04-01,Manchester City,Liverpool,1.6333333333333335,4.14,5.17,0.5846414107569488,0.2306556290425966,0.1847029602004545
2023-04-01,Arsenal,Leeds United,1.2833333333333334,5.823333333333333,10.306666666666667,0.743553760155733,0.16386273477959776,0.09258350506466924
2023-04-01,Bournemouth,Fulham,2.5533333333333332,3.33,2.813333333333333,0.3739226766313627,0.2867114817814052,0.3393658415872321
2023-04-01,Brighton & Hove Albion,Brentford,1.6633333333333333,4.026666666666666,5.053333333333334,0.5739753350776217,0.23709742732097122,0.18892723760140712
2023-04-01,Crystal Palace,Leicester City,2.52,3.2433333333333336,2.9333333333333336,0.37935269380109415,0.2947488556152386,0.3258984505836673
2023-04-01,Nottingham Forest,Wolverhampton Wanderers,2.9633333333333334,3.1199999999999997,2.5799999999999996,0.3227508560339366,0.3065443493741129,0.3707047945919505
2023-04-01,Chelsea,Aston Villa,1.6766666666666665,3.776666666666667,5.3566666666666665,0.569165016907105,0.25268314519353374,0.1781518378993614
2023-04-02,West Ham United,Southampton,1.7433333333333334,3.6966666666666668,4.94,0.5480961145269292,0.2584799530185608,0.1934239324545101
2023-04-02,Newcastle United,Manchester United,2.393333333333333,3.4499999999999997,2.936666666666666,0.39861238553666994,0.27652530706795075,0.3248623073953792
2023-04-03,Everton,Tottenham Hotspur,3.4466666666666668,3.3166666666666664,2.1966666666666668,0.2771434283441557,0.28800633659081104,0.43485023506503334
2023-04-04,Bournemouth,Brighton & Hove Albion,6.053333333333334,4.19,1.5533333333333335,0.157686292139671,0.22781090415723354,0.6145028037030955
2023-04-04,Leeds United,Nottingham Forest,1.7166666666666668,3.7733333333333334,5.076666666666667,0.5576948146787126,0.25372158088298324,0.18858360443830402
2023-04-04,Leicester City,Aston Villa,2.56,3.3666666666666667,2.7900000000000005,0.37341874474902664,0.283946134621042,0.3426351206299312
2023-04-04,Chelsea,Liverpool,2.236666666666667,3.4033333333333338,3.2833333333333337,0.42763970572914783,0.2810443119924174,0.2913159822784347
2023-04-05,Manchester United,Brentford,1.6499999999999997,4.076666666666667,5.03,0.5771092237996378,0.23358059344302587,0.1893101827573364
2023-04-05,West Ham United,Newcastle United,3.5766666666666667,3.3366666666666664,2.15,0.2677022128258403,0.2869575168452813,0.44534027032887846
2023-04-08,Manchester United,Everton,1.4966666666666668,4.316666666666666,6.793333333333333,0.6381489880739226,0.2212578344750512,0.14059317745102617
2023-04-08,Aston Villa,Nottingham Forest,1.6133333333333333,4.053333333333334,5.516666666666667,0.5915502562577086,0.23545256910257478,0.17299717463971656
2023-04-08,Brentford,Newcastle United,3.6266666666666665,3.426666666666667,2.0766666666666667,0.2628290677842291,0.2781692857482891,0.4590016464674819
2023-04-08,Fulham,West Ham United,2.7866666666666666,3.2600000000000002,2.646666666666667,0.343914144143027,0.29397977965600264,0.36210607620097046
2023-04-08,Leicester City,Bournemouth,1.8566666666666667,3.703333333333333,4.1933333333333325,0.5143724852061206,0.2578807149053188,0.2277467998885606
2023-04-08,Tottenham Hotspur,Brighton & Hove Albion,2.5433333333333334,3.56,2.706666666666667,0.37677915379187854,0.26917836548989077,0.35404248071823063
2023-04-08,Wolverhampton Wanderers,Chelsea,4.226666666666667,3.4599999999999995,1.93,0.22667704625327847,0.27690413742693365,0.49641881631978785
2023-04-08,Southampton,Manchester City,12.216666666666667,6.086666666666667,1.2433333333333334,0.07792497236692963,0.15640472274085276,0.7656703048922175
2023-04-09,Leeds United,Crystal Palace,2.1133333333333333,3.3766666666666665,3.623333333333333,0.4526688457413287,0.2833090307996075,0.26402212345906384
2023-04-09,Liverpool,Arsenal,2.7999999999999994,3.67,2.4066666666666667,0.34171939118973865,0.2607123420521167,0.3975682667581446
2023-04-15,Aston Villa,Newcastle United,3.6366666666666667,3.39,2.0933333333333333,0.2624655262185668,0.281563312787076,0.45597116099435725
2023-04-15,Chelsea,Brighton & Hove Albion,2.64,3.4066666666666663,2.6566666666666667,0.36118326591822747,0.2798993606724425,0.35891737340933016
2023-04-15,Everton,Fulham,2.06,3.3766666666666665,3.7833333333333337,0.46413135051846444,0.28315219607148173,0.2527164534100538
2023-04-15,Southampton,Crystal Palace,2.81,3.1633333333333336,2.6766666666666663,0.34035408040168236,0.30233771314922886,0.3573082064490887
2023-04-15,Tottenham Hotspur,Bournemouth,1.47,4.503333333333333,6.933333333333334,0.6500073673114818,0.21217857067680498,0.1378140620117132
2023-04-15,Wolverhampton Wanderers,Brentford,2.4899999999999998,3.153333333333333,3.0033333333333334,0.3818660382472654,0.301536924493348,0.3165970372593865
2023-04-15,Manchester City,Leicester City,1.1466666666666665,8.273333333333333,16.95,0.8290170177150342,0.11490002179450916,0.05608296049045658
2023-04-16,West Ham United,Arsenal,5.98,4.163333333333333,1.5633333333333335,0.15970591130063663,0.22939343864959338,0.6109006500497699
2023-04-16,Nottingham Forest,Manchester United,5.19,3.936666666666666,1.6666666666666667,0.18408157323188945,0.24268840772400674,0.5732300190441038
2023-04-17,Leeds United,Liverpool,4.306666666666667,4.206666666666667,1.7333333333333332,0.22180881124213472,0.22708160390240734,0.5511095848554579
2023-04-21,Arsenal,Southampton,1.1966666666666665,7.206666666666667,14.106666666666667,0.7994373103434418,0.13274652840577963,0.06781616125077873
2023-04-22,Fulham,Leeds United,2.3633333333333333,3.4233333333333333,3.01,0.4039553941172192,0.2788747560166586,0.3171698498661223
2023-04-22,Brentford,Aston Villa,2.5166666666666666,3.353333333333333,2.8433333333333337,0.3794190381148739,0.28475285663690836,0.33582810524821777
2023-04-22,Crystal Palace,Everton,2.0999999999999996,3.2266666666666666,3.7900000000000005,0.4535319845423911,0.29517060977449,0.251297405683119
2023-04-22,Leicester City,Wolverhampton Wanderers,2.4133333333333336,3.2699999999999996,3.046666666666667,0.39523427079265133,0.29169175540660514,0.31307397380074353
2023-04-22,Liverpool,Nottingham Forest,1.1766666666666665,7.403333333333333,16.503333333333334,0.8128520736460911,0.12919260783298972,0.05795531852091903
2023-04-23,Bournemouth,West Ham United,2.8433333333333337,3.233333333333333,2.5933333333333333,0.3360460684043845,0.29551267664839176,0.3684412549472237
2023-04-23,Newcastle United,Tottenham Hotspur,1.8399999999999999,3.796666666666667,4.17,0.5192424373280218,0.25164339368311495,0.22911416898886328
2023-04-25,Wolverhampton Wanderers,Crystal Palace,2.5033333333333334,3.1166666666666667,3.0766666666666667,0.3821374154642101,0.30693604172579875,0.31092654280999116
2023-04-25,Aston Villa,Fulham,1.7833333333333332,3.8633333333333333,4.3500000000000005,0.5343117600199242,0.24664089008685025,0.21904734989322558
2023-04-25,Leeds United,Leicester City,2.3466666666666662,3.4966666666666666,2.973333333333333,0.4064457390672808,0.27277197359710736,0.32078228733561176
2023-04-26,Nottingham Forest,Brighton & Hove Albion,6.04,4.273333333333333,1.5366666666666664,0.15762920083065773,0.222795719114783,0.6195750800545593
2023-04-26,Chelsea,Brentford,1.7,3.91,4.9366666666666665,0.5620678844281637,0.24437734105572334,0.19355477451611305
2023-04-26,West Ham United,Liverpool,3.956666666666667,3.856666666666667,1.8699999999999999,0.24144128929976563,0.2477016511657924,0.5108570595344418
2023-04-26,Manchester City,Arsenal,1.5466666666666669,4.45,5.586666666666667,0.6156061634903113,0.21396349053146402,0.17043034597822462
2023-04-27,Everton,Newcastle United,4.843333333333334,3.643333333333333,1.7533333333333332,0.19639705191599835,0.26108409554798323,0.5425188525360184
2023-04-27,Southampton,Bournemouth,2.28,3.396666666666667,3.1966666666666668,0.4193770162129593,0.2815052787926046,0.299117704994436
2023-04-27,Tottenham Hotspur,Manchester United,2.8033333333333332,3.606666666666667,2.42,0.3406381447143613,0.26476587773084825,0.3945959775547905
2023-04-29,Crystal Palace,West Ham United,2.686666666666666,3.1966666666666668,2.7600000000000002,0.3553800751351386,0.29868231549418317,0.34593760937067825
2023-04-29,Brentford,Nottingham Forest,1.6600000000000001,3.8066666666666666,5.513333333333333,0.5756504481793058,0.2510279537594521,0.17332159806124203
2023-04-29,Brighton & Hove Albion,Wolverhampton Wanderers,1.4933333333333332,4.336666666666667,6.75,0.6387388464211932,0.2199500408890811,0.14131111268972568
2023-04-30,Bournemouth,Leeds United,2.583333333333333,3.49,2.6966666666666668,0.37061979335991635,0.27433652326068303,0.3550436833794007
2023-04-30,Fulham,Manchester City,11.99,6.093333333333334,1.2466666666666668,0.07945732965484795,0.156350117488232,0.7641925528569199
2023-04-30,Manchester United,Aston Villa,1.7733333333333334,3.893333333333333,4.423333333333333,0.5386817253541197,0.24535845709622575,0.21595981754965463
2023-04-30,Newcastle United,Southampton,1.3166666666666667,5.32,9.87,0.7241682247201134,0.17922709822333632,0.0966046770565501
2023-04-30,Liverpool,Tottenham Hotspur,1.53,4.656666666666666,5.586666666666666,0.6240531744227359,0.20503966146029765,0.17090716411696646
2023-05-01,Leicester City,Everton,2.03,3.426666666666667,3.81,0.4705393323490085,0.27875335933905265,0.2507073083119389
2023-05-02,Arsenal,Chelsea,1.586666666666667,4.1066666666666665,5.753333333333334,0.6016319416937336,0.2324487047453062,0.16591935356096016
2023-05-03,Liverpool,Fulham,1.2566666666666666,6.016666666666667,10.673333333333332,0.7538049175134393,0.15744291074934436,0.0887521717372163
2023-05-03,Manchester City,West Ham United,1.1966666666666665,7.09,13.846666666666666,0.7966825833824221,0.13446593673450377,0.06885147988307404
2023-05-04,Brighton & Hove Albion,Manchester United,2.0,3.6799999999999997,3.5733333333333337,0.47547053378586845,0.2584078987966677,0.2661215674174637
2023-05-06,Bournemouth,Chelsea,3.3866666666666667,3.483333333333333,2.1466666666666665,0.2816989841791809,0.27388150040770126,0.44441951541311775
2023-05-06,Manchester City,Leeds United,1.1666666666666665,8.200000000000001,15.410000000000002,0.8210282833139493,0.1168129671381635,0.062158749547887124
2023-05-06,Tottenham Hotspur,Crystal Palace,1.8066666666666666,3.8433333333333333,4.256666666666667,0.5278408828148723,0.24812641672650543,0.22403270045862234
2023-05-06,Wolverhampton Wanderers,Aston Villa,2.98,3.2699999999999996,2.486666666666667,0.3215737659968257,0.29305499164236715,0.38537124236080716
2023-05-06,Liverpool,Brentford,1.4666666666666666,4.8966666666666665,6.0566666666666675,0.6486426652844111,0.19428371186190663,0.15707362285368232
2023-05-07,Newcastle United,Arsenal,2.486666666666667,3.716666666666667,2.6599999999999997,0.38404000573187597,0.25694515181702193,0.3590148424511021
2023-05-07,West Ham United,Manchester United,3.4233333333333333,3.7099999999999995,2.073333333333333,0.2798097594670613,0.25818923896915724,0.4620010015637815
2023-05-08,Fulham,Leicester City,2.6466666666666665,3.5366666666666666,2.5900000000000003,0.360980904811301,0.27014028126312256,0.36887881392557653
2023-05-08,Brighton & Hove Albion,Everton,1.3466666666666667,5.196666666666666,8.793333333333335,0.7080714778856898,0.1834899788748035,0.10843854323950668
2023-05-08,Nottingham Forest,Southampton,2.123333333333333,3.533333333333333,3.4499999999999997,0.45118162209066814,0.271134616294109,0.2776837616152228
2023-05-13,Leeds United,Newcastle United,4.516666666666667,4.176666666666667,1.7033333333333334,0.2112794476692483,0.22847857269898758,0.560241979631764
2023-05-13,Aston Villa,Tottenham Hotspur,2.263333333333333,3.606666666666667,3.0033333333333334,0.419965373433178,0.2635457380417078,0.3164888885251142
2023-05-13,Chelsea,Nottingham Forest,1.5033333333333332,4.39,6.46,0.6348565087973662,0.21740340582202897,0.14774008538060482
2023-05-13,Crystal Palace,Bournemouth,1.8466666666666667,3.6733333333333333,4.213333333333334,0.5151947781034231,0.25899991567086783,0.22580530622570913
2023-05-13,Manchester United,Wolverhampton Wanderers,1.366666666666667,5.013333333333333,8.200000000000001,0.694795195565137,0.1894056051740068,0.11579919926085616
2023-05-13,Southampton,Fulham,2.823333333333333,3.3866666666666667,2.4966666666666666,0.33732472376247763,0.2812146073098607,0.3814606689276616
2023-05-14,Brentford,West Ham United,2.0366666666666666,3.516666666666667,3.6366666666666667,0.4674680602109242,0.27073268700367265,0.261799252785403
2023-05-14,Everton,Manchester City,8.983333333333333,5.0,1.3566666666666667,0.10617640588083374,0.1907636092325646,0.7030599848866017
2023-05-14,Arsenal,Brighton & Hove Albion,1.7466666666666668,4.1866666666666665,4.246666666666667,0.5468962330443247,0.2281637150598934,0.2249400518957819
2023-05-15,Leicester City,Liverpool,5.08,4.49,1.5833333333333333,0.18727208388103445,0.21188021962486747,0.600847696494098
2023-05-18,Newcastle United,Brighton & Hove Albion,2.02,3.8166666666666664,3.4466666666666668,0.4727392225854934,0.25020084618935284,0.27705993122515377
2023-05-20,Tottenham Hotspur,Brentford,1.8366666666666667,3.83,4.12,0.5193886988950367,0.24907151705062244,0.2315397840543408
2023-05-20,Bournemouth,Manchester United,6.123333333333334,4.696666666666666,1.5,0.15659294453762168,0.20415985742768708,0.6392471980346912
2023-05-20,Fulham,Crystal Palace,2.44,3.3633333333333333,2.9766666666666666,0.3928995801248942,0.2850371582273762,0.32206326164772964
2023-05-20,Liverpool,Aston Villa,1.4733333333333334,4.8566666666666665,6.23,0.6494125643150559,0.1970077923316779,0.1535796433532663
2023-05-20,Wolverhampton Wanderers,Everton,2.753333333333334,3.3033333333333332,2.623333333333333,0.3468540767474077,0.28910339797513507,0.36404252527745723
2023-05-20,Nottingham Forest,Arsenal,5.373333333333334,4.376666666666667,1.5766666666666669,0.17743846499552438,0.21784524415292103,0.6047162908515546
2023-05-21,West Ham United,Leeds United,2.436666666666667,3.516666666666667,2.8599999999999994,0.3929470179845137,0.2722694503759996,0.33478353163948676
2023-05-21,Brighton & Hove Albion,Southampton,1.2233333333333334,6.663333333333334,12.143333333333333,0.7786143034122527,0.142947198275286,0.07843849831246137
2023-05-21,Manchester City,Chelsea,1.25,6.13,11.38,0.7611757735395306,0.1552152882421555,0.08360893821831397
2023-05-22,Newcastle United,Leicester City,1.3733333333333333,5.3500000000000005,7.413333333333334,0.6935055064358971,0.17802135118479104,0.12847314237931187
2023-05-24,Brighton & Hove Albion,Manchester City,3.9433333333333334,4.239999999999999,1.7933333333333332,0.24219430726445604,0.22524832192912858,0.5325573708064155
2023-05-25,Manchester United,Chelsea,1.61,4.34,5.0633333333333335,0.5920873124147339,0.21964529331514326,0.1882673942701228
2023-05-28,Arsenal,Wolverhampton Wanderers,1.3466666666666667,5.17,7.553333333333334,0.6950406139736433,0.18104217153149704,0.1239172144948596
2023-05-28,Aston Villa,Brighton & Hove Albion,2.0,3.7433333333333336,3.283333333333333,0.4665440719035157,0.2492666457187083,0.2841892823777761
2023-05-28,Brentford,Manchester City,3.78,3.9333333333333336,1.8066666666666666,0.24671451077572573,0.23709682645734995,0.5161886627669243
2023-05-28,Chelsea,Newcastle United,2.8466666666666662,3.546666666666667,2.3033333333333332,0.3291074192679121,0.26415200757029783,0.40674057316179
2023-05-28,Crystal Palace,Nottingham Forest,1.6566666666666665,3.9933333333333336,4.666666666666667,0.5650170495545421,0.2344018978535955,0.20058105259186243
2023-05-28,Everton,Bournemouth,1.4533333333333334,4.4433333333333325,6.513333333333333,0.6450723089275533,0.21099139286752686,0.1439362982049198
2023-05-28,Leeds United,Tottenham Hotspur,2.72,3.7433333333333336,2.2866666666666666,0.34292030080275193,0.2491745017409133,0.4079051974563347
2023-05-28,Leicester City,West Ham United,1.9033333333333333,3.8066666666666666,3.513333333333333,0.48977695167286245,0.24488847583643122,0.26533457249070636
2023-05-28,Manchester United,Fulham,1.4900000000000002,4.3933333333333335,5.78,0.6261992911112718,0.21237563211436916,0.16142507677435902
2023-05-28,Southampton,Liverpool,6.3933333333333335,4.93,1.4000000000000001,0.14569849572952687,0.18894504043896723,0.6653564638315058
