match_id,season,date,home_team,away_team,result,home_goals,away_goals,home_xg,away_xg,home_shots,away_shots,home_sot,away_sot,home_poss,away_poss,home_odds,draw_odds,away_odds,prob_book_home,prob_book_draw,prob_book_away
1,2022-2023,2022-08-05,Crystal Palace,Arsenal,A,0,2,1.2,1.0,10,10,2,2,56,44,4.366666666666666,3.583333333333333,1.856666666666667,0.2187949333045882,0.2666245233758237,0.514580543319588
2,2022-2023,2022-08-06,Tottenham Hotspur,Southampton,H,4,1,1.5,0.5,18,10,8,2,58,42,1.3500000000000003,5.296666666666667,8.703333333333333,0.7092247549051869,0.1807652773672755,0.1100099677275376
3,2022-2023,2022-08-06,Fulham,Liverpool,D,2,2,1.2,1.2,8,11,2,3,33,67,11.4,5.906666666666666,1.2666666666666668,0.0838221381267738,0.1617786187322611,0.754399243140965
4,2022-2023,2022-08-06,Bournemouth,Aston Villa,H,2,0,0.6,0.7,7,15,3,2,35,65,3.81,3.4599999999999995,2.03,0.251382391994474,0.2768112466759959,0.4718063613295301
5,2022-2023,2022-08-06,Newcastle United,Nottingham Forest,H,2,0,1.7,0.3,23,5,9,0,61,39,1.68,3.7466666666666666,5.4433333333333325,0.5691412766432455,0.255202138281313,0.1756565850754413
6,2022-2023,2022-08-06,Everton,Chelsea,A,0,1,0.7,1.5,8,14,3,5,38,62,5.78,3.936666666666666,1.62,0.165668555515531,0.2432424007315249,0.5910890437529441
7,2022-2023,2022-08-06,Leeds United,Wolverhampton Wanderers,H,2,1,0.8,1.3,12,15,4,6,40,60,2.296666666666667,3.3433333333333337,3.233333333333333,0.4171449127409041,0.2865531853225154,0.2963019019365804
8,2022-2023,2022-08-07,West Ham United,Manchester City,A,0,2,0.5,2.2,6,13,1,1,25,75,8.526666666666666,5.16,1.356666666666667,0.1118885241965531,0.1848907266762163,0.7032207491272306
9,2022-2023,2022-08-07,Manchester United,Brighton & Hove Albion,A,1,2,1.4,1.5,17,15,5,4,62,38,1.6166666666666665,4.08,5.476666666666667,0.5912144751460153,0.234263905592988,0.1745216192609966
10,2022-2023,2022-08-07,Leicester City,Brentford,D,2,2,0.6,0.8,14,8,5,3,56,44,2.023333333333333,3.68,3.58,0.4728141890194445,0.2599621492163069,0.2672236617642484
11,2022-2023,2022-08-13,Manchester City,Bournemouth,H,4,0,1.7,0.1,19,3,7,1,67,33,1.0599999999999998,13.273333333333332,34.666666666666664,0.9005469370905356,0.0719171084868885,0.0275359544225759
12,2022-2023,2022-08-13,Aston Villa,Everton,H,2,1,2.3,1.6,12,15,3,4,57,43,1.81,3.483333333333333,4.873333333333334,0.5288133880171998,0.2747805451610904,0.1964060668217096
13,2022-2023,2022-08-13,Brighton & Hove Albion,Newcastle United,D,0,0,1.5,0.2,13,4,5,1,54,46,2.4366666666666665,3.2300000000000004,3.0733333333333337,0.3925836838055682,0.2961596211164813,0.3112566950779505
14,2022-2023,2022-08-13,Wolverhampton Wanderers,Fulham,D,0,0,0.9,1.5,7,8,1,2,59,41,2.3633333333333333,3.263333333333333,3.1966666666666668,0.4059232055991971,0.2939729854645871,0.3001038089362156
15,2022-2023,2022-08-13,Southampton,Leeds United,D,2,2,1.2,1.8,14,13,4,5,43,57,2.28,3.483333333333333,3.126666666666667,0.4195059278895412,0.2745856982549725,0.3059083738554863
16,2022-2023,2022-08-13,Arsenal,Leicester City,H,4,2,2.7,0.5,19,6,7,2,50,50,1.5466666666666669,4.29,5.923333333333333,0.6166586899165339,0.2223229464811746,0.1610183636022913
17,2022-2023,2022-08-13,Brentford,Manchester United,H,4,0,1.6,0.9,13,15,7,4,34,66,3.790000000000001,3.546666666666667,2.0033333333333334,0.2524961807555884,0.2698196969164513,0.4776841223279603
18,2022-2023,2022-08-14,Chelsea,Tottenham Hotspur,D,2,2,1.6,1.0,16,10,3,5,63,37,2.26,3.4066666666666663,3.25,0.4239462290930626,0.2812480854452999,0.2948056854616374
19,2022-2023,2022-08-14,Nottingham Forest,West Ham United,H,1,0,1.3,2.1,13,18,6,3,43,57,4.226666666666667,3.606666666666667,1.8733333333333333,0.2258288780380558,0.2646497387728787,0.5095213831890655
20,2022-2023,2022-08-15,Liverpool,Crystal Palace,D,1,1,2.0,1.0,24,7,4,3,72,28,1.1866666666666663,6.78,17.19,0.8038217122804888,0.1406885592781976,0.0554897284413135
21,2022-2023,2022-08-20,Crystal Palace,Aston Villa,H,3,1,2.6,0.9,16,13,8,5,51,49,2.526666666666667,3.2133333333333334,2.973333333333333,0.3793507492711987,0.2982861700700919,0.3223630806587093
22,2022-2023,2022-08-20,Everton,Nottingham Forest,D,1,1,1.5,1.0,19,14,8,5,49,51,1.9366666666666663,3.516666666666667,4.09,0.4940165864794738,0.2720603191891699,0.2339230943313563
23,2022-2023,2022-08-20,Bournemouth,Arsenal,A,0,3,0.3,1.3,6,14,1,6,43,57,7.85,4.683333333333334,1.42,0.1218869227080144,0.2043015679554264,0.673811509336559
24,2022-2023,2022-08-20,Leicester City,Southampton,A,1,2,0.3,0.9,6,9,1,3,62,38,1.846666666666667,3.9466666666666663,4.006666666666667,0.5184560213215824,0.2425883748413486,0.2389556038370688
25,2022-2023,2022-08-20,Tottenham Hotspur,Wolverhampton Wanderers,H,1,0,1.7,0.7,11,20,4,3,50,50,1.403333333333333,4.763333333333334,7.983333333333333,0.6800895961516259,0.2003622952972949,0.1195481085510791
26,2022-2023,2022-08-20,Fulham,Brentford,H,3,2,2.4,1.8,18,13,9,5,43,57,2.456666666666667,3.4433333333333334,2.9033333333333338,0.3906845489192098,0.2787362173799202,0.3305792337008698
27,2022-2023,2022-08-21,Leeds United,Chelsea,H,3,0,2.1,0.9,12,14,6,3,39,61,5.743333333333333,4.476666666666667,1.5466666666666669,0.1667692105123008,0.2139563288999958,0.6192744605877033
28,2022-2023,2022-08-21,Newcastle United,Manchester City,D,3,3,1.8,2.1,12,21,5,10,31,69,8.643333333333333,5.006666666666667,1.36,0.1101108518526637,0.1900915038974414,0.6997976442498948
29,2022-2023,2022-08-21,West Ham United,Brighton & Hove Albion,A,0,2,0.8,1.7,13,10,3,1,50,50,2.2966666666666664,3.44,3.14,0.4168302440153844,0.2782907346187983,0.3048790213658172
30,2022-2023,2022-08-22,Manchester United,Liverpool,H,2,1,1.8,1.3,13,17,5,5,30,70,5.296666666666667,4.336666666666667,1.6033333333333335,0.180998669801604,0.2210660156147185,0.5979353145836774
31,2022-2023,2022-08-27,Liverpool,Bournemouth,H,9,0,3.3,0.3,19,5,12,2,69,31,1.11,9.993333333333334,23.37,0.8631323742735446,0.0958716079496632,0.0409960177767922
32,2022-2023,2022-08-27,Southampton,Manchester United,A,0,1,1.4,1.1,17,11,4,4,49,51,4.236666666666667,4.0,1.8,0.2266098743154493,0.2400176252124467,0.5333725004721039
33,2022-2023,2022-08-27,Brighton & Hove Albion,Leeds United,H,1,0,2.0,1.8,13,10,4,2,44,56,1.893333333333333,3.74,4.013333333333333,0.5055612606921412,0.2559347558584102,0.2385039834494487
34,2022-2023,2022-08-27,Brentford,Everton,D,1,1,2.1,1.1,20,14,5,7,58,42,2.05,3.4633333333333334,3.73,0.4669595403024567,0.2764004978691153,0.2566399618284279
35,2022-2023,2022-08-27,Arsenal,Fulham,H,2,1,2.6,0.8,22,11,8,3,71,29,1.3066666666666666,5.6933333333333325,9.416666666666666,0.7308503013312863,0.1677361347317706,0.1014135639369431
36,2022-2023,2022-08-27,Chelsea,Leicester City,H,2,1,1.8,2.5,7,17,4,5,45,55,1.4166666666666667,4.87,7.386666666666667,0.6744527061948824,0.1961960302072724,0.1293512635978452
37,2022-2023,2022-08-27,Manchester City,Crystal Palace,H,4,2,2.2,0.1,18,2,5,2,74,26,1.1866666666666663,7.333333333333333,14.753333333333336,0.8049896594394074,0.1302619630729223,0.0647483774876703
38,2022-2023,2022-08-28,Nottingham Forest,Tottenham Hotspur,A,0,2,0.9,2.4,17,17,1,5,55,45,7.05,4.543333333333334,1.4566666666666663,0.1352897846764809,0.2099324244979876,0.6547777908255314
39,2022-2023,2022-08-28,Aston Villa,West Ham United,A,0,1,0.5,0.6,9,7,3,2,58,42,2.32,3.4033333333333338,3.126666666666667,0.4125942092796626,0.2812591279712489,0.3061466627490886
40,2022-2023,2022-08-28,Wolverhampton Wanderers,Newcastle United,D,1,1,0.7,1.7,10,21,4,6,37,63,2.72,3.29,2.703333333333333,0.3529935505209194,0.2918366131966264,0.3551698362824541
41,2022-2023,2022-08-30,Southampton,Chelsea,H,2,1,1.1,1.1,9,10,5,4,33,67,5.260000000000001,4.08,1.6333333333333335,0.1815005937444393,0.2339934125234683,0.5845059937320923
42,2022-2023,2022-08-30,Fulham,Brighton & Hove Albion,H,2,1,0.7,1.4,10,6,3,2,39,61,3.186666666666666,3.313333333333334,2.32,0.2998200621981535,0.2883581282308195,0.4118218095710269
43,2022-2023,2022-08-30,Crystal Palace,Brentford,D,1,1,1.0,1.4,13,9,4,3,49,51,2.07,3.4233333333333333,3.6766666666666654,0.461321900003706,0.278949269622494,0.2597288303738
44,2022-2023,2022-08-30,Leeds United,Everton,D,1,1,1.0,1.0,14,7,5,2,69,31,2.1366666666666667,3.5033333333333334,3.41,0.4471304458483237,0.2727027742995009,0.2801667798521754
45,2022-2023,2022-08-31,Liverpool,Newcastle United,H,2,1,1.5,0.7,23,5,6,2,72,28,1.3166666666666669,5.546666666666667,9.583333333333334,0.7273938121350392,0.1726686032411901,0.0999375846237706
46,2022-2023,2022-08-31,Manchester City,Nottingham Forest,H,6,0,3.3,0.7,17,8,9,1,74,26,1.0666666666666669,12.81,29.686666666666667,0.8934960618385305,0.074399880246768,0.0321040579147013
47,2022-2023,2022-08-31,West Ham United,Tottenham Hotspur,D,1,1,1.2,0.6,14,12,4,3,39,61,3.6566666666666654,3.7466666666666666,1.98,0.2615897335033237,0.2553059943533328,0.4831042721433435
48,2022-2023,2022-08-31,Bournemouth,Wolverhampton Wanderers,D,0,0,0.4,1.5,5,17,2,3,35,65,3.5066666666666664,3.376666666666667,2.1633333333333336,0.2732647480465414,0.2837853059673854,0.442949945986073
49,2022-2023,2022-08-31,Arsenal,Aston Villa,H,2,1,2.4,0.4,22,4,8,3,59,41,1.4633333333333336,4.523333333333333,6.656666666666666,0.647946422273682,0.2096156811924439,0.142437896533874
50,2022-2023,2022-09-01,Leicester City,Manchester United,A,0,1,0.7,1.5,10,9,2,2,53,47,3.383333333333333,3.77,2.07,0.2831340090485042,0.2540946235050679,0.462771367446428
51,2022-2023,2022-09-03,Brentford,Leeds United,H,5,2,2.3,1.7,13,17,7,6,32,68,2.1533333333333338,3.53,3.3466666666666662,0.4437668149456537,0.2707019475494734,0.2855312375048728
52,2022-2023,2022-09-03,Wolverhampton Wanderers,Southampton,H,1,0,0.8,1.2,7,12,2,1,51,49,2.2333333333333334,3.4033333333333338,3.303333333333333,0.4287605446276057,0.2813609842316316,0.2898784711407627
53,2022-2023,2022-09-03,Everton,Liverpool,D,0,0,1.7,2.1,14,23,3,8,39,61,7.693333333333332,4.903333333333333,1.3966666666666665,0.1238029201346839,0.1942468658537393,0.6819502140115766
54,2022-2023,2022-09-03,Nottingham Forest,Bournemouth,A,2,3,1.9,0.8,10,8,2,3,52,48,2.0,3.47,3.8666666666666663,0.4776438200113917,0.275299031706854,0.2470571482817543
55,2022-2023,2022-09-03,Tottenham Hotspur,Fulham,H,2,1,2.9,0.7,23,9,10,3,52,48,1.4966666666666668,4.486666666666666,6.503333333333333,0.6395009350041241,0.2133253490466952,0.1471737159491808
56,2022-2023,2022-09-03,Newcastle United,Crystal Palace,D,0,0,2.8,1.0,23,19,5,9,52,48,2.033333333333333,3.4466666666666668,3.78,0.4699555437276256,0.277246500651694,0.2527979556206804
57,2022-2023,2022-09-03,Chelsea,West Ham United,H,2,1,0.9,1.1,8,6,3,3,67,33,1.5533333333333337,4.3566666666666665,5.823333333333333,0.6160348879655242,0.219642125319001,0.1643229867154747
58,2022-2023,2022-09-03,Aston Villa,Manchester City,D,1,1,0.3,2.1,3,13,1,4,29,71,8.75,5.576666666666667,1.3266666666666669,0.1091165211925019,0.1712079307413734,0.7196755480661248
59,2022-2023,2022-09-04,Brighton & Hove Albion,Leicester City,H,5,2,2.6,1.4,22,6,10,4,53,47,1.836666666666667,3.51,4.616666666666666,0.5205348955989183,0.272378658570754,0.2070864458303278
60,2022-2023,2022-09-04,Manchester United,Arsenal,H,3,1,1.5,1.3,10,16,6,3,40,60,2.566666666666667,3.526666666666667,2.693333333333334,0.3730287421826046,0.2714859465790222,0.3554853112383732
61,2022-2023,2022-09-16,Nottingham Forest,Fulham,A,2,3,1.4,0.9,11,15,3,7,41,59,2.773333333333333,3.376666666666667,2.5966666666666667,0.34609755573401,0.2842578147785748,0.369644629487415
62,2022-2023,2022-09-16,Aston Villa,Southampton,H,1,0,1.5,0.3,11,7,3,1,53,47,2.0966666666666667,3.5400000000000005,3.533333333333333,0.4575245746930043,0.2709820691919959,0.2714933561149997
63,2022-2023,2022-09-17,Wolverhampton Wanderers,Manchester City,A,0,3,0.4,1.1,6,16,1,7,41,59,9.433333333333334,5.256666666666667,1.336666666666667,0.1015032301961584,0.1821522773970376,0.716344492406804
64,2022-2023,2022-09-17,Newcastle United,Bournemouth,D,1,1,1.9,0.7,19,10,6,3,72,28,1.4566666666666663,4.386666666666667,7.5,0.6551838741126474,0.2175648578930295,0.127251267994323
65,2022-2023,2022-09-17,Tottenham Hotspur,Leicester City,H,6,2,2.2,1.8,16,18,11,6,44,56,1.4799999999999998,4.486666666666667,6.846666666666667,0.6468180401676632,0.2133634545575352,0.1398185052748015
66,2022-2023,2022-09-18,Everton,West Ham United,H,1,0,0.4,1.0,7,14,2,4,53,47,2.92,3.296666666666667,2.506666666666667,0.3278004128974932,0.2903469784612781,0.3818526086412288
67,2022-2023,2022-09-18,Brentford,Arsenal,A,0,3,0.5,1.5,5,13,2,7,37,63,4.286666666666666,3.86,1.8033333333333332,0.2228355206246585,0.2474667353396467,0.5296977440356947
68,2022-2023,2022-10-01,Arsenal,Tottenham Hotspur,H,3,1,2.4,1.6,22,6,9,2,64,36,2.0766666666666667,3.633333333333333,3.4566666666666666,0.4603349853041253,0.263108895270156,0.2765561194257185
69,2022-2023,2022-10-01,Bournemouth,Brentford,D,0,0,0.4,0.9,7,13,0,4,42,58,3.35,3.43,2.2,0.2857629750250884,0.2790979493685266,0.4351390756063848
70,2022-2023,2022-10-01,Southampton,Everton,A,1,2,1.7,2.0,22,12,6,5,55,45,2.1766666666666663,3.4266666666666663,3.396666666666667,0.4393599088675849,0.2790875685705573,0.2815525225618576
71,2022-2023,2022-10-01,Crystal Palace,Chelsea,A,1,2,0.4,1.1,7,13,3,3,36,64,4.273333333333333,3.5866666666666664,1.87,0.2233810833114381,0.2661473501907656,0.5104715664977962
72,2022-2023,2022-10-01,Liverpool,Brighton & Hove Albion,D,3,3,1.5,1.4,15,6,7,6,54,46,1.356666666666667,5.246666666666667,8.306666666666667,0.7032845818832512,0.1818531288605357,0.1148622892562131
73,2022-2023,2022-10-01,Fulham,Newcastle United,A,1,4,0.5,3.3,3,19,1,10,33,67,3.036666666666666,3.4233333333333333,2.3666666666666667,0.3154426610058847,0.2798133049429026,0.4047440340512125
74,2022-2023,2022-10-01,West Ham United,Wolverhampton Wanderers,H,2,0,0.9,0.7,18,15,5,4,39,61,1.9566666666666668,3.44,4.236666666666667,0.4924556970009381,0.280108036956929,0.2274362660421327
75,2022-2023,2022-10-02,Manchester City,Manchester United,H,6,3,3.2,1.7,22,11,9,7,53,47,1.3433333333333335,5.636666666666667,7.913333333333334,0.7101888342574756,0.1692525725640228,0.1205585931785015
76,2022-2023,2022-10-02,Leeds United,Aston Villa,D,0,0,0.4,2.2,6,19,1,6,44,56,2.376666666666667,3.4133333333333336,3.0066666666666664,0.4021305367353887,0.2799990944261056,0.3178703688385058
77,2022-2023,2022-10-03,Leicester City,Nottingham Forest,H,4,0,1.3,1.1,17,10,7,3,51,49,1.7533333333333332,4.033333333333333,4.403333333333333,0.5455853058794777,0.23717179412612,0.2172428999944021
78,2022-2023,2022-10-08,Newcastle United,Brentford,H,5,1,1.5,1.2,16,5,6,2,54,46,1.8066666666666664,3.846666666666666,4.36,0.5307732232097773,0.2492886368974863,0.2199381398927364
79,2022-2023,2022-10-08,Chelsea,Wolverhampton Wanderers,H,3,0,1.9,1.1,20,8,7,2,57,43,1.403333333333333,4.64,8.226666666666667,0.6788746444038514,0.2053205641480038,0.1158047914481448
80,2022-2023,2022-10-08,Brighton & Hove Albion,Tottenham Hotspur,A,0,1,0.7,0.8,14,8,4,3,59,41,2.773333333333333,3.4166666666666665,2.5500000000000003,0.3449121471977056,0.2799677136277962,0.3751201391744981
81,2022-2023,2022-10-08,Bournemouth,Leicester City,H,2,1,1.1,1.0,10,9,4,5,45,55,3.58,3.5666666666666664,2.0466666666666664,0.2664589008093783,0.2674550088497872,0.4660860903408344
82,2022-2023,2022-10-08,Manchester City,Southampton,H,4,0,2.4,0.2,21,5,8,0,65,35,1.1133333333333335,9.923333333333334,20.133333333333333,0.8565372877637136,0.0960979019526638,0.0473648102836225
83,2022-2023,2022-10-09,Everton,Manchester United,A,1,2,0.6,1.4,11,12,2,4,40,60,3.5733333333333337,3.556666666666666,2.07,0.2680293979757643,0.2692853932802431,0.4626852087439926
84,2022-2023,2022-10-09,Crystal Palace,Leeds United,H,2,1,1.1,1.0,13,10,5,4,54,46,2.036666666666666,3.5933333333333333,3.62,0.4696146514598189,0.2661730538422536,0.2642122946979276
85,2022-2023,2022-10-09,Arsenal,Liverpool,H,3,2,2.7,1.1,10,8,6,3,43,57,2.556666666666666,3.63,2.626666666666667,0.3734595531099217,0.2630334960838474,0.3635069508062308
86,2022-2023,2022-10-09,West Ham United,Fulham,H,3,1,2.4,0.7,16,8,7,2,50,50,1.7533333333333332,3.8166666666666655,4.69,0.5454841880470662,0.2505892427185649,0.2039265692343687
87,2022-2023,2022-10-10,Nottingham Forest,Aston Villa,D,1,1,0.3,0.7,6,12,3,2,40,60,3.3666666666666667,3.4333333333333336,2.19,0.2842626586798175,0.2787429954044813,0.4369943459157013
88,2022-2023,2022-10-14,Brentford,Brighton & Hove Albion,H,2,0,1.5,1.9,6,21,1,7,28,72,3.206666666666667,3.39,2.28,0.2982980201458839,0.2821658754968932,0.4195361043572229
89,2022-2023,2022-10-15,Fulham,Bournemouth,D,2,2,2.1,1.0,18,10,3,6,69,31,1.8833333333333333,3.7066666666666666,4.076666666666667,0.507595592947432,0.25790603418642,0.234498372866148
90,2022-2023,2022-10-15,Tottenham Hotspur,Everton,H,2,0,2.2,0.4,20,4,6,0,62,38,1.4833333333333334,4.456666666666667,6.919999999999999,0.6463333501769863,0.2151221696550179,0.1385444801679956
91,2022-2023,2022-10-15,Leicester City,Crystal Palace,D,0,0,1.0,0.4,14,8,5,1,54,46,2.31,3.45,3.106666666666667,0.4143999938137713,0.2774678219448729,0.3081321842413557
92,2022-2023,2022-10-15,Wolverhampton Wanderers,Nottingham Forest,H,1,0,1.3,1.5,8,9,1,1,58,42,1.7133333333333332,3.7433333333333336,5.136666666666667,0.5582686713729326,0.2555210125429095,0.1862103160841579
93,2022-2023,2022-10-16,Liverpool,Manchester City,H,1,0,2.1,1.0,13,16,2,6,37,63,3.766666666666667,4.003333333333333,1.8866666666666667,0.2539779919565876,0.2389634728650658,0.5070585351783464
94,2022-2023,2022-10-16,Leeds United,Arsenal,A,0,1,1.8,0.5,15,9,4,4,47,53,5.91,4.296666666666667,1.5600000000000005,0.1622337271303645,0.2231500373949854,0.61461623547465
95,2022-2023,2022-10-16,Southampton,West Ham United,D,1,1,0.5,1.7,10,25,8,4,39,61,2.953333333333333,3.4066666666666667,2.4166666666666665,0.3237297229280774,0.280650229466024,0.3956200476058987
96,2022-2023,2022-10-16,Manchester United,Newcastle United,D,0,0,0.8,0.8,15,9,2,2,63,37,1.98,3.736666666666667,3.633333333333333,0.4819653016853737,0.2553857173961749,0.2626489809184514
97,2022-2023,2022-10-16,Aston Villa,Chelsea,A,0,2,1.8,0.9,18,8,7,4,42,58,4.503333333333333,3.6666666666666665,1.8166666666666669,0.2124458918563589,0.2609221817254008,0.5266319264182402
98,2022-2023,2022-10-18,Brighton & Hove Albion,Nottingham Forest,D,0,0,1.7,0.1,19,3,7,0,70,30,1.3966666666666665,4.806666666666667,7.989999999999999,0.68242127614627,0.1982902321118495,0.1192884917418803
99,2022-2023,2022-10-18,Crystal Palace,Wolverhampton Wanderers,H,2,1,1.2,0.8,14,10,4,4,51,49,2.273333333333333,3.1700000000000004,3.426666666666667,0.4200685255827983,0.3012478805967071,0.2786835938204945
100,2022-2023,2022-10-19,Brentford,Chelsea,D,0,0,1.3,0.9,8,14,5,5,34,66,4.733333333333333,3.826666666666666,1.7433333333333334,0.2019370218994599,0.2497827274366142,0.5482802506639257
101,2022-2023,2022-10-19,Manchester United,Tottenham Hotspur,H,2,0,1.5,0.6,28,9,10,2,52,48,2.44,3.53,2.8266666666666667,0.3914774302558549,0.2705962974006476,0.3379262723434974
102,2022-2023,2022-10-19,Newcastle United,Everton,H,1,0,1.5,0.2,16,1,4,0,49,51,1.6266666666666667,3.92,5.603333333333333,0.5864176143375164,0.2433433637727108,0.1702390218897727
103,2022-2023,2022-10-19,Liverpool,West Ham United,H,1,0,1.7,1.7,22,7,7,2,54,46,1.4166666666666667,4.95,7.1933333333333325,0.6742465923472065,0.1929661964630052,0.1327872111897881
104,2022-2023,2022-10-19,Bournemouth,Southampton,A,0,1,1.0,1.0,15,9,3,3,54,46,2.6933333333333334,3.3166666666666664,2.6533333333333338,0.3537148951297547,0.2872378243867757,0.3590472804834695
105,2022-2023,2022-10-20,Leicester City,Leeds United,H,2,0,0.8,1.3,5,14,1,2,46,54,2.303333333333333,3.5500000000000003,3.026666666666667,0.4149653938034547,0.2692404573879691,0.3157941488085761
106,2022-2023,2022-10-20,Fulham,Aston Villa,H,3,0,2.1,1.2,17,12,6,6,60,40,2.8800000000000003,3.39,2.4966666666666666,0.3329897353377423,0.2828939344462236,0.384116330216034
107,2022-2023,2022-10-22,Everton,Crystal Palace,H,3,0,1.4,0.9,9,9,6,2,46,54,2.5966666666666667,3.1966666666666668,2.9133333333333336,0.3698759925209823,0.3004519271885769,0.3296720802904407
108,2022-2023,2022-10-22,Manchester City,Brighton & Hove Albion,H,3,1,1.6,0.5,9,8,3,2,48,52,1.2033333333333334,6.903333333333333,14.463333333333331,0.795221785617605,0.1386166415296742,0.0661615728527207
109,2022-2023,2022-10-22,Chelsea,Manchester United,D,1,1,1.1,0.8,5,13,1,6,48,52,2.1,3.48,3.5133333333333336,0.4543035923960702,0.2741487195493526,0.271547688054577
110,2022-2023,2022-10-22,Nottingham Forest,Liverpool,H,1,0,1.9,1.6,10,15,7,7,25,75,11.046666666666669,5.866666666666667,1.2666666666666666,0.0861771269824089,0.1622676129657404,0.7515552600518507
111,2022-2023,2022-10-23,Tottenham Hotspur,Newcastle United,A,1,2,1.6,1.2,17,13,4,5,53,47,2.0733333333333333,3.5400000000000005,3.543333333333333,0.4606546165598109,0.269799596516198,0.269545786923991
112,2022-2023,2022-10-23,Aston Villa,Brentford,H,4,0,2.8,0.9,18,12,10,3,45,55,2.143333333333333,3.453333333333333,3.47,0.4467613123020132,0.2772852546430449,0.2759534330549418
113,2022-2023,2022-10-23,Leeds United,Fulham,A,2,3,1.6,1.8,14,11,5,4,57,43,2.036666666666666,3.563333333333333,3.65,0.4695820975874523,0.2683953803797319,0.2620225220328158
114,2022-2023,2022-10-23,Wolverhampton Wanderers,Leicester City,A,0,4,2.1,0.9,21,5,5,4,60,40,2.2666666666666666,3.2999999999999994,3.303333333333333,0.4213996400606484,0.2894462174153949,0.2891541425239566
115,2022-2023,2022-10-23,Southampton,Arsenal,D,1,1,0.7,1.0,10,12,3,3,41,59,5.9,4.103333333333333,1.5833333333333333,0.1622278111557023,0.2332601346430488,0.6045120542012488
116,2022-2023,2022-10-24,West Ham United,Bournemouth,H,2,0,1.9,0.4,19,5,3,3,55,45,1.5633333333333337,4.04,6.176666666666667,0.6097312724033555,0.2359438669613645,0.1543248606352799
117,2022-2023,2022-10-29,Newcastle United,Aston Villa,H,4,0,3.4,0.4,19,3,6,0,59,41,1.81,3.723333333333333,4.476666666666667,0.528976755617507,0.2571480557746699,0.213875188607823
118,2022-2023,2022-10-29,Leicester City,Manchester City,A,0,1,0.7,1.0,10,15,5,5,36,64,9.706666666666663,5.976666666666667,1.2866666666666668,0.098346450494263,0.1597238504402086,0.7419296990655284
119,2022-2023,2022-10-29,Crystal Palace,Southampton,H,1,0,0.9,1.3,12,14,3,4,44,56,1.9366666666666663,3.5733333333333337,4.04,0.494718741575498,0.268126482141198,0.2371547762833039
120,2022-2023,2022-10-29,Brentford,Wolverhampton Wanderers,D,1,1,1.4,0.6,12,13,3,4,58,42,2.1966666666666668,3.4,3.3800000000000003,0.4355438992776308,0.2813955192391752,0.2830605814831939
121,2022-2023,2022-10-29,Liverpool,Leeds United,A,1,2,1.7,1.8,22,14,10,6,68,32,1.3066666666666666,5.826666666666667,9.143333333333333,0.7314403325829917,0.164030097467124,0.1045295699498843
122,2022-2023,2022-10-29,Bournemouth,Tottenham Hotspur,A,2,3,0.5,2.0,6,23,4,7,31,69,5.136666666666667,3.8166666666666655,1.6966666666666663,0.1861034180722495,0.2504675696500755,0.563429012277675
123,2022-2023,2022-10-29,Brighton & Hove Albion,Chelsea,H,4,1,2.4,1.4,19,15,7,7,41,59,3.056666666666666,3.3266666666666667,2.396666666666667,0.3130654597127201,0.2876563392350345,0.3992782010522453
124,2022-2023,2022-10-29,Fulham,Everton,D,0,0,1.9,0.9,24,9,6,4,56,44,2.353333333333333,3.42,3.06,0.4069718605627888,0.2800410658453497,0.3129870735918615
125,2022-2023,2022-10-30,Arsenal,Nottingham Forest,H,5,0,2.3,0.4,24,5,9,2,69,31,1.2,6.966666666666666,14.616666666666667,0.7972276469795097,0.1373215085706332,0.0654508444498571
126,2022-2023,2022-10-30,Manchester United,West Ham United,H,1,0,1.2,1.1,16,13,3,4,53,47,1.6900000000000002,3.983333333333334,4.8966666666666665,0.5651631642608117,0.2397805224102356,0.1950563133289527
127,2022-2023,2022-11-05,Manchester City,Fulham,H,2,1,2.1,1.0,15,3,4,1,70,30,1.12,9.443333333333332,20.206666666666667,0.851767396743021,0.1010214773405065,0.0472111259164723
128,2022-2023,2022-11-05,Wolverhampton Wanderers,Brighton & Hove Albion,A,2,3,1.2,1.5,7,19,4,8,29,71,3.3966666666666665,3.31,2.233333333333333,0.2819221265922767,0.2893037734114098,0.4287740999963134
129,2022-2023,2022-11-05,Everton,Leicester City,A,0,2,1.2,2.3,12,22,2,8,49,51,2.41,3.3200000000000003,3.0400000000000005,0.3970354518418278,0.288209469559881,0.3147550785982911
130,2022-2023,2022-11-05,Leeds United,Bournemouth,H,4,3,2.2,1.5,17,9,3,5,60,40,1.7366666666666666,3.846666666666666,4.776666666666666,0.5509502053800271,0.2487392175069273,0.2003105771130454
131,2022-2023,2022-11-05,Nottingham Forest,Brentford,D,2,2,1.5,1.5,15,5,6,1,48,52,2.793333333333333,3.3433333333333337,2.5866666666666664,0.3430072318465668,0.2865803193294346,0.3704124488239986
132,2022-2023,2022-11-06,Tottenham Hotspur,Liverpool,A,1,2,1.2,1.2,14,13,5,6,47,53,3.293333333333333,3.62,2.1466666666666665,0.2903666159599838,0.2641641036542025,0.4454692803858136
133,2022-2023,2022-11-06,West Ham United,Crystal Palace,A,1,2,0.3,1.0,5,15,2,6,42,58,1.91,3.453333333333333,4.246666666666666,0.4992876851621377,0.2761504281833059,0.2245618866545564
134,2022-2023,2022-11-06,Aston Villa,Manchester United,H,3,1,0.6,0.5,6,8,4,3,42,58,3.36,3.643333333333333,2.14,0.2863421238838384,0.264073980672378,0.4495838954437836
135,2022-2023,2022-11-06,Chelsea,Arsenal,A,0,1,0.3,2.1,5,14,1,2,45,55,2.623333333333333,3.3833333333333333,2.703333333333333,0.3641957201643905,0.2823862381964289,0.3534180416391804
136,2022-2023,2022-11-06,Southampton,Newcastle United,A,1,4,1.7,0.9,16,7,5,4,55,45,4.04,3.6366666666666663,1.913333333333333,0.236831814671581,0.2630982212483558,0.5000699640800631
137,2022-2023,2022-11-12,Liverpool,Southampton,H,3,1,1.9,1.1,15,9,7,5,60,40,1.25,6.330000000000001,11.516666666666666,0.7656905084087086,0.1512027070317354,0.0831067845595559
138,2022-2023,2022-11-12,Nottingham Forest,Crystal Palace,H,1,0,1.1,1.2,9,7,2,0,32,68,3.15,3.203333333333333,2.4200000000000004,0.3044136723183069,0.299345390573153,0.3962409371085399
139,2022-2023,2022-11-12,Wolverhampton Wanderers,Arsenal,A,0,2,0.7,2.1,11,14,2,3,38,62,6.166666666666667,4.233333333333333,1.5466666666666669,0.1551888506733944,0.226062499012425,0.6187486503141805
140,2022-2023,2022-11-12,Newcastle United,Chelsea,H,1,0,1.0,0.3,10,5,3,2,49,51,2.32,3.4433333333333334,3.0933333333333333,0.4125811283075387,0.2779830254618073,0.309435846230654
141,2022-2023,2022-11-12,West Ham United,Leicester City,A,0,2,1.4,1.8,18,8,6,5,54,46,2.08,3.486666666666667,3.63,0.4609227243262141,0.274967284875294,0.2641099907984917
142,2022-2023,2022-11-12,Manchester City,Brentford,A,1,2,1.6,1.3,29,10,6,7,74,26,1.1366666666666667,8.593333333333334,18.746666666666663,0.8382889614290471,0.1108830627801803,0.0508279757907725
143,2022-2023,2022-11-12,Bournemouth,Everton,H,3,0,2.4,0.8,16,15,8,3,36,64,2.8466666666666662,3.223333333333333,2.61,0.3362677596671968,0.2969727681031914,0.3667594722296118
144,2022-2023,2022-11-12,Tottenham Hotspur,Leeds United,H,4,3,1.8,1.1,14,12,7,5,55,45,1.64,4.25,4.966666666666667,0.5827221613862025,0.2248621987466757,0.1924156398671218
145,2022-2023,2022-11-13,Fulham,Manchester United,A,1,2,1.4,2.5,14,14,7,9,53,47,3.9,3.856666666666667,1.8866666666666667,0.2451957711103756,0.247950779774537,0.5068534491150873
146,2022-2023,2022-11-13,Brighton & Hove Albion,Aston Villa,A,1,2,0.6,1.5,7,7,2,1,65,35,1.8533333333333333,3.6966666666666663,4.243333333333333,0.5159649565867941,0.2586803569542448,0.2253546864589611
147,2022-2023,2022-12-26,Arsenal,West Ham United,H,3,1,2.1,1.0,16,7,5,3,66,34,1.4966666666666668,4.38,6.616666666666667,0.6377952929191809,0.2179376609746668,0.1442670461061522
148,2022-2023,2022-12-26,Leicester City,Newcastle United,A,0,3,0.5,1.9,8,11,2,4,60,40,3.286666666666666,3.546666666666667,2.19,0.2917618618721394,0.270373304328881,0.4378648337989794
149,2022-2023,2022-12-26,Southampton,Brighton & Hove Albion,A,1,3,1.9,0.6,13,7,3,4,34,66,3.4,3.5,2.143333333333333,0.2810770979304832,0.273046323703898,0.4458765783656189
150,2022-2023,2022-12-26,Everton,Wolverhampton Wanderers,A,1,2,1.7,0.8,12,7,5,4,58,42,2.3366666666666664,3.236666666666667,3.2466666666666666,0.4095593320454408,0.2956756866775015,0.2947649812770575
151,2022-2023,2022-12-26,Crystal Palace,Fulham,A,0,3,0.4,2.5,4,23,0,10,36,64,2.063333333333333,3.5866666666666664,3.56,0.4640658012909561,0.2669672221181244,0.2689669765909193
152,2022-2023,2022-12-26,Brentford,Tottenham Hotspur,D,2,2,2.0,1.1,9,15,4,8,39,61,3.9166666666666665,3.6966666666666663,1.93,0.2445661054171931,0.2591209863527519,0.4963129082300551
153,2022-2023,2022-12-26,Aston Villa,Liverpool,A,1,3,1.4,2.7,12,16,6,9,48,52,4.62,4.03,1.7300000000000002,0.2076014423921555,0.2379947056704116,0.5544038519374327
154,2022-2023,2022-12-27,Manchester United,Nottingham Forest,H,3,0,2.4,0.7,17,8,8,3,65,35,1.3066666666666666,5.483333333333333,10.72,0.735192261297929,0.1751947516284426,0.0896129870736281
155,2022-2023,2022-12-27,Chelsea,Bournemouth,H,2,0,1.8,0.5,15,9,5,4,60,40,1.3133333333333337,5.406666666666666,10.063333333333333,0.728111099281943,0.1768654581486347,0.0950234425694221
156,2022-2023,2022-12-28,Leeds United,Manchester City,A,1,3,0.6,4.3,9,26,1,9,31,69,9.593333333333334,5.863333333333333,1.2966666666666666,0.0996550491210925,0.1630512969701559,0.7372936539087515
157,2022-2023,2022-12-30,West Ham United,Brentford,A,0,2,1.3,1.6,20,9,5,6,63,37,2.026666666666667,3.5866666666666664,3.643333333333333,0.4714039489822912,0.2663695176405512,0.2622265333771574
158,2022-2023,2022-12-30,Liverpool,Leicester City,H,2,1,2.2,1.0,21,7,5,2,57,43,1.29,5.96,9.683333333333334,0.7409264983351,0.1603683192705166,0.0987051823943833
159,2022-2023,2022-12-31,Wolverhampton Wanderers,Manchester United,A,0,1,0.7,2.0,10,16,3,6,46,54,4.0200000000000005,3.6033333333333335,1.9333333333333331,0.2383822038776554,0.2659472135767368,0.4956705825456078
160,2022-2023,2022-12-31,Fulham,Southampton,H,2,1,1.5,0.8,7,9,1,3,62,38,1.9966666666666668,3.563333333333333,3.766666666666667,0.4783715637475639,0.2680491736995237,0.2535792625529122
161,2022-2023,2022-12-31,Brighton & Hove Albion,Arsenal,A,2,4,1.2,2.9,9,14,5,7,68,32,3.466666666666667,3.5400000000000005,2.11,0.2760711707294236,0.2703521822585692,0.4535766470120072
162,2022-2023,2022-12-31,Manchester City,Everton,D,1,1,1.7,0.1,16,2,3,1,74,26,1.1333333333333335,8.49,21.95,0.8437943590227337,0.1126384303367606,0.0435672106405056
163,2022-2023,2022-12-31,Newcastle United,Leeds United,D,0,0,2.2,0.4,16,8,5,1,60,40,1.46,4.6000000000000005,6.933333333333334,0.6544638704205314,0.207721141481299,0.1378149880981695
164,2022-2023,2022-12-31,Bournemouth,Crystal Palace,A,0,2,0.6,1.6,6,15,2,6,59,41,2.89,3.273333333333333,2.533333333333333,0.3307226603871075,0.2919924099344422,0.3772849296784503
165,2022-2023,2023-01-01,Tottenham Hotspur,Aston Villa,A,0,2,0.7,1.0,6,13,1,4,59,41,1.6733333333333331,4.036666666666667,5.003333333333333,0.5717627593669347,0.2370147854683742,0.191222455164691
166,2022-2023,2023-01-01,Nottingham Forest,Chelsea,D,1,1,1.4,0.9,12,7,5,2,29,71,5.1433333333333335,3.826666666666666,1.7,0.1862347611501335,0.250313794821129,0.5634514440287375
167,2022-2023,2023-01-02,Brentford,Liverpool,H,3,1,1.6,0.9,10,16,7,5,28,72,5.586666666666666,4.406666666666667,1.5533333333333337,0.1705220968018734,0.216183838305552,0.6132940648925745
168,2022-2023,2023-01-03,Arsenal,Newcastle United,D,0,0,1.1,1.0,17,8,4,1,66,34,1.8033333333333332,3.8166666666666655,4.3933333333333335,0.5310788701971042,0.250928968363872,0.2179921614390238
169,2022-2023,2023-01-03,Everton,Brighton & Hove Albion,A,1,4,1.3,2.2,9,19,3,8,49,51,3.556666666666666,3.47,2.1166666666666667,0.2698843396573834,0.276624966776588,0.4534906935660285
170,2022-2023,2023-01-03,Manchester United,Bournemouth,H,3,0,2.2,0.6,18,7,6,4,58,42,1.29,5.673333333333333,10.61,0.7413101958261681,0.1685587813071252,0.0901310228667066
171,2022-2023,2023-01-03,Leicester City,Fulham,A,0,1,1.7,1.7,15,11,6,2,61,39,2.22,3.61,3.1333333333333333,0.4303909208747333,0.2646725330587003,0.3049365460665664
172,2022-2023,2023-01-04,Aston Villa,Wolverhampton Wanderers,D,1,1,1.8,0.9,13,10,3,3,56,44,1.9633333333333327,3.5866666666666664,3.943333333333333,0.4889295356677404,0.2676389372753709,0.2434315270568885
173,2022-2023,2023-01-04,Southampton,Nottingham Forest,A,0,1,0.5,1.4,8,11,0,1,63,37,2.05,3.44,3.79,0.4679835314134341,0.2788855347085872,0.2531309338779788
174,2022-2023,2023-01-04,Crystal Palace,Tottenham Hotspur,A,0,4,0.8,1.4,19,14,4,6,47,53,3.3966666666666665,3.4933333333333336,2.16,0.2820986587619137,0.2742924935862499,0.4436088476518364
175,2022-2023,2023-01-04,Leeds United,West Ham United,D,2,2,1.6,1.4,14,14,5,1,62,38,2.6166666666666667,3.53,2.6266666666666665,0.3653023765237675,0.2707859920407531,0.3639116314354791
176,2022-2023,2023-01-05,Chelsea,Manchester City,A,0,1,0.4,2.0,8,12,2,3,48,52,5.2,4.03,1.6566666666666665,0.1841907061819311,0.2376654273315241,0.5781438664865447
177,2022-2023,2023-01-12,Fulham,Chelsea,H,2,1,1.0,2.1,8,20,3,10,48,52,3.31,3.5,2.1866666666666665,0.289064644221351,0.2733725635350491,0.4375627922435999
178,2022-2023,2023-01-13,Aston Villa,Leeds United,H,2,1,1.2,2.4,11,16,5,3,52,48,1.94,3.6,4.003333333333333,0.4941968786362379,0.2663172068206393,0.2394859145431228
179,2022-2023,2023-01-14,Everton,Southampton,A,1,2,1.4,1.2,12,13,4,5,52,48,2.26,3.3433333333333337,3.286666666666666,0.4230836363636364,0.2859927272727273,0.2909236363636364
180,2022-2023,2023-01-14,Brighton & Hove Albion,Liverpool,H,3,0,1.9,1.0,16,6,8,2,61,39,3.3466666666666662,3.6466666666666665,2.123333333333333,0.286215470498217,0.2626694080257861,0.4511151214759968
181,2022-2023,2023-01-14,Manchester United,Manchester City,H,2,1,1.7,0.6,8,5,3,1,30,70,4.22,3.793333333333333,1.836666666666667,0.226751267126458,0.2522558033234586,0.5209929295500833
182,2022-2023,2023-01-14,Nottingham Forest,Leicester City,H,2,0,2.4,1.0,15,6,5,1,39,61,2.686666666666667,3.353333333333333,2.6566666666666667,0.3555574279379157,0.284870066518847,0.3595725055432373
183,2022-2023,2023-01-14,Wolverhampton Wanderers,West Ham United,H,1,0,0.9,1.1,17,16,4,3,58,42,2.6666666666666665,3.263333333333333,2.74,0.3583720248777798,0.2928474156304636,0.3487805594917565
184,2022-2023,2023-01-14,Brentford,Bournemouth,H,2,0,1.4,0.6,11,7,3,2,50,50,1.6566666666666665,4.013333333333334,5.243333333333333,0.5784534863583789,0.2387802182060749,0.1827662954355462
185,2022-2023,2023-01-15,Tottenham Hotspur,Arsenal,A,0,2,1.6,1.8,17,14,7,5,51,49,3.23,3.6033333333333335,2.186666666666667,0.2964257244839566,0.2657137160267844,0.437860559489259
186,2022-2023,2023-01-15,Chelsea,Crystal Palace,H,1,0,1.5,0.7,15,10,5,5,61,39,1.643333333333333,3.9033333333333338,5.463333333333334,0.5807872604210073,0.2445159004163591,0.1746968391626336
187,2022-2023,2023-01-15,Newcastle United,Fulham,H,1,0,2.2,1.1,20,4,5,0,62,38,1.51,4.359999999999999,6.506666666666667,0.6335529861568101,0.2194185800680695,0.1470284337751203
188,2022-2023,2023-01-18,Crystal Palace,Manchester United,D,1,1,0.5,2.1,10,15,5,4,40,60,4.54,3.69,1.8,0.2104122711980384,0.2588812225580202,0.5307065062439413
189,2022-2023,2023-01-19,Manchester City,Tottenham Hotspur,H,4,2,2.3,0.8,16,9,6,3,58,42,1.3666666666666665,5.193333333333333,8.266666666666667,0.7000445699004606,0.1842222552369632,0.1157331748625761
190,2022-2023,2023-01-21,Crystal Palace,Newcastle United,D,0,0,0.3,1.2,6,16,1,7,40,60,4.416666666666667,3.523333333333333,1.8666666666666665,0.2164680584177044,0.2713530533618338,0.5121788882204615
191,2022-2023,2023-01-21,Leicester City,Brighton & Hove Albion,D,2,2,0.9,1.7,9,13,2,4,37,63,3.5700000000000003,3.5700000000000003,2.066666666666667,0.2682821289485071,0.2682821289485071,0.4634357421029856
192,2022-2023,2023-01-21,Bournemouth,Nottingham Forest,D,1,1,1.4,1.9,16,20,3,5,43,57,2.77,3.1166666666666667,2.7566666666666664,0.3455894545036866,0.3071495579599609,0.3472609875363525
193,2022-2023,2023-01-21,Southampton,Aston Villa,A,0,1,0.6,1.4,8,16,5,5,37,63,2.8800000000000003,3.3166666666666664,2.54,0.3330890706507842,0.2892351327058067,0.377675796643409
194,2022-2023,2023-01-21,Liverpool,Chelsea,D,0,0,1.4,1.6,15,11,3,2,48,52,1.8633333333333333,3.776666666666667,4.066666666666666,0.5124060873662276,0.2528111234225254,0.2347827892112469
195,2022-2023,2023-01-21,West Ham United,Everton,H,2,0,2.2,0.5,11,5,4,2,33,67,1.8,3.633333333333333,4.833333333333333,0.5353815927644727,0.2652349175163442,0.1993834897191829
196,2022-2023,2023-01-22,Arsenal,Manchester United,H,3,2,3.1,0.4,25,6,5,4,57,43,1.8533333333333333,3.773333333333333,4.13,0.51548648497661,0.2531894749531759,0.231324040070214
197,2022-2023,2023-01-22,Manchester City,Wolverhampton Wanderers,H,3,0,2.8,0.8,12,10,5,1,55,45,1.1933333333333334,7.55,13.65,0.802902600446414,0.1269046935804928,0.0701927059730931
198,2022-2023,2023-01-22,Leeds United,Brentford,D,0,0,0.5,0.4,9,6,5,0,58,42,2.373333333333333,3.606666666666667,2.9166666666666665,0.4045708493616177,0.2662240709292715,0.3292050797091106
199,2022-2023,2023-01-23,Fulham,Tottenham Hotspur,A,0,1,1.0,0.9,10,10,5,3,54,46,3.293333333333333,3.693333333333333,2.1166666666666667,0.290056660774122,0.2586425819899211,0.4513007572359568
200,2022-2023,2023-02-03,Chelsea,Fulham,D,0,0,1.3,0.6,12,10,2,4,66,34,1.63,3.97,5.513333333333333,0.5860887400892382,0.2406359310693849,0.1732753288413769
201,2022-2023,2023-02-04,Manchester United,Crystal Palace,H,2,1,2.0,1.3,13,10,4,3,52,48,1.403333333333333,4.72,8.323333333333332,0.6821660677679973,0.2028191486796093,0.1150147835523935
202,2022-2023,2023-02-04,Everton,Arsenal,H,1,0,1.7,0.9,12,15,4,2,30,70,8.476666666666667,4.613333333333333,1.403333333333333,0.1126404201687332,0.2069686333013646,0.680390946529902
203,2022-2023,2023-02-04,Brighton & Hove Albion,Bournemouth,H,1,0,2.2,1.1,20,12,6,2,71,29,1.336666666666667,5.156666666666666,9.293333333333337,0.7127369979464158,0.1847495385756384,0.1025134634779457
204,2022-2023,2023-02-04,Brentford,Southampton,H,3,0,2.0,0.7,14,14,3,5,49,51,1.8733333333333333,3.5933333333333337,4.253333333333334,0.5097425361574459,0.2657470364754031,0.2245104273671509
205,2022-2023,2023-02-04,Newcastle United,West Ham United,D,1,1,1.0,1.0,8,10,2,1,62,38,1.61,3.84,6.1000000000000005,0.5941046074557288,0.2490907338551363,0.1568046586891349
206,2022-2023,2023-02-04,Wolverhampton Wanderers,Liverpool,H,3,0,2.0,1.8,12,22,5,2,41,59,4.046666666666667,3.81,1.8633333333333333,0.2361915077268854,0.2508630711989841,0.5129454210741303
207,2022-2023,2023-02-04,Aston Villa,Leicester City,A,2,4,1.7,2.6,19,9,4,5,62,38,1.9733333333333332,3.61,3.8333333333333335,0.4851043045338722,0.2651724360886909,0.2497232593774367
208,2022-2023,2023-02-05,Tottenham Hotspur,Manchester City,H,1,0,1.4,1.3,12,15,3,5,36,64,4.39,4.1433333333333335,1.7466666666666668,0.2186799871477681,0.2316987474445781,0.5496212654076538
209,2022-2023,2023-02-05,Nottingham Forest,Leeds United,H,1,0,0.4,0.9,6,10,2,4,30,70,2.64,3.3866666666666667,2.6933333333333334,0.362354868781604,0.2824656063730614,0.3551795248453346
210,2022-2023,2023-02-08,Manchester United,Leeds United,D,2,2,2.0,0.6,24,8,6,2,66,34,1.4666666666666666,4.826666666666667,6.396666666666667,0.6522504150047698,0.1981976399185764,0.1495519450766538
211,2022-2023,2023-02-11,Arsenal,Brentford,D,1,1,1.6,2.0,23,9,7,2,69,31,1.4433333333333334,4.673333333333333,7.273333333333333,0.6634439635691414,0.2049010244118675,0.1316550120189909
212,2022-2023,2023-02-11,Leicester City,Tottenham Hotspur,H,4,1,1.7,1.3,15,11,6,4,49,51,3.3866666666666667,3.633333333333333,2.12,0.2833186750671064,0.2640841962093396,0.4525971287235538
213,2022-2023,2023-02-11,Southampton,Wolverhampton Wanderers,A,1,2,1.1,0.8,17,11,2,1,41,59,3.02,3.16,2.533333333333333,0.3176820428161741,0.3036075219319131,0.3787104352519128
214,2022-2023,2023-02-11,Fulham,Nottingham Forest,H,2,0,1.5,0.7,16,10,3,1,50,50,1.92,3.523333333333333,4.233333333333333,0.5003798352581054,0.2726762394594783,0.2269439252824162
215,2022-2023,2023-02-11,Crystal Palace,Brighton & Hove Albion,D,1,1,1.1,2.5,6,17,1,7,27,73,3.8,3.486666666666667,2.02,0.251822294684954,0.2744525965017663,0.4737251088132797
216,2022-2023,2023-02-11,Bournemouth,Newcastle United,D,1,1,1.5,1.3,11,15,4,7,34,66,6.510000000000001,3.9933333333333336,1.5599999999999998,0.1469876220453118,0.2396217244194442,0.6133906535352439
217,2022-2023,2023-02-11,West Ham United,Chelsea,D,1,1,1.3,1.1,10,12,2,4,29,71,3.3433333333333337,3.2900000000000005,2.2666666666666666,0.2864335826688819,0.2910768828945173,0.4224895344366008
218,2022-2023,2023-02-12,Manchester City,Aston Villa,H,3,1,3.3,0.3,16,6,7,2,67,33,1.25,6.386666666666667,11.593333333333334,0.7671412905259343,0.1501450855674453,0.0827136239066202
219,2022-2023,2023-02-12,Leeds United,Manchester United,A,0,2,1.8,1.1,16,11,6,5,34,66,3.81,3.790000000000001,1.92,0.2506484246639041,0.2519711076436609,0.4973804676924348
220,2022-2023,2023-02-13,Liverpool,Everton,H,2,0,2.3,0.4,15,6,6,1,59,41,1.5233333333333334,4.336666666666667,6.296666666666667,0.6276694780303207,0.2204803623826722,0.1518501595870071
221,2022-2023,2023-02-15,Arsenal,Manchester City,A,1,3,1.6,1.8,9,9,0,5,63,37,2.91,3.5,2.4033333333333338,0.3287044213252122,0.2732942474446765,0.3980013312301113
222,2022-2023,2023-02-18,Chelsea,Southampton,A,0,1,1.6,0.6,17,8,4,4,62,38,1.393333333333333,4.676666666666667,9.063333333333333,0.6888636961597961,0.2052352280789699,0.1059010757612338
223,2022-2023,2023-02-18,Wolverhampton Wanderers,Bournemouth,A,0,1,1.3,1.1,15,5,4,1,68,32,1.6766666666666663,3.72,5.676666666666667,0.5727121098205367,0.258130995734525,0.1691568944449383
224,2022-2023,2023-02-18,Brighton & Hove Albion,Fulham,A,0,1,2.2,0.3,21,5,7,2,65,35,1.66,3.92,5.32,0.5762030017019959,0.2440043323533962,0.1797926659446077
225,2022-2023,2023-02-18,Brentford,Crystal Palace,D,1,1,0.9,1.1,12,10,5,4,59,41,1.8433333333333333,3.5066666666666664,4.58,0.5186345588451632,0.2726282424347674,0.2087371987200693
226,2022-2023,2023-02-18,Nottingham Forest,Manchester City,D,1,1,0.9,2.4,4,23,1,6,27,73,9.6,5.556666666666668,1.3066666666666666,0.0992595905084679,0.1714862751436039,0.729254134347928
227,2022-2023,2023-02-18,Newcastle United,Liverpool,A,0,2,2.0,1.9,14,13,4,7,38,62,2.523333333333333,3.4933333333333336,2.74,0.3783217379007714,0.2732724767088587,0.3484057853903698
228,2022-2023,2023-02-18,Everton,Leeds United,H,1,0,1.4,0.5,15,8,4,0,51,49,2.46,3.303333333333333,2.9766666666666666,0.3889340344693465,0.2896400781416526,0.3214258873890008
229,2022-2023,2023-02-18,Aston Villa,Arsenal,A,2,4,0.5,3.2,7,20,5,5,33,67,4.456666666666666,3.6666666666666665,1.7166666666666668,0.2078323253557271,0.2526107445460065,0.5395569300982662
230,2022-2023,2023-02-19,Manchester United,Leicester City,H,3,0,4.4,1.6,26,19,8,3,57,43,1.6233333333333333,4.29,5.206666666666667,0.5916532583112919,0.2238812251729597,0.1844655165157484
231,2022-2023,2023-02-19,Tottenham Hotspur,West Ham United,H,2,0,1.5,0.5,16,6,6,1,57,43,1.8166666666666669,3.653333333333333,4.473333333333333,0.5253830805181704,0.2612534478854041,0.2133634715964254
232,2022-2023,2023-02-24,Fulham,Wolverhampton Wanderers,D,1,1,0.5,0.8,10,8,5,2,51,49,2.53,3.22,2.98,0.3795487627365357,0.298216885007278,0.3222343522561863
233,2022-2023,2023-02-25,Crystal Palace,Liverpool,D,0,0,0.7,0.9,6,12,0,4,37,63,4.703333333333333,3.846666666666666,1.7466666666666668,0.203440101683716,0.2487469527519266,0.5478129455643573
234,2022-2023,2023-02-25,Bournemouth,Manchester City,A,1,4,1.0,2.4,13,20,2,5,35,66,10.223333333333334,5.663333333333334,1.2866666666666666,0.0930165467486106,0.1679115649664442,0.7390718882849451
235,2022-2023,2023-02-25,Leeds United,Southampton,H,1,0,0.9,0.4,14,8,4,2,61,39,1.9733333333333332,3.5400000000000005,3.923333333333333,0.4853397176894864,0.2705471872619359,0.2441130950485777
236,2022-2023,2023-02-25,Everton,Aston Villa,A,0,2,1.6,1.9,15,8,4,4,47,53,2.53,3.216666666666667,2.983333333333333,0.37956812273805,0.2985411452416372,0.3218907320203128
237,2022-2023,2023-02-25,West Ham United,Nottingham Forest,H,4,0,2.7,0.4,18,8,5,3,49,51,1.78,3.5766666666666667,4.986666666666667,0.5391934442573095,0.2683404466294531,0.1924661091132374
238,2022-2023,2023-02-25,Leicester City,Arsenal,A,0,1,0.0,0.7,1,10,0,2,35,65,4.76,4.016666666666667,1.7066666666666668,0.2010403944687822,0.2382453803331295,0.5607142251980881
239,2022-2023,2023-02-26,Tottenham Hotspur,Chelsea,H,2,0,0.8,0.4,8,10,3,2,41,59,2.5466666666666664,3.27,2.9133333333333327,0.3769404391250559,0.2935601381157418,0.3294994227592022
240,2022-2023,2023-03-01,Arsenal,Everton,H,4,0,2.4,1.2,15,8,5,5,73,27,1.3533333333333335,4.92,9.533333333333331,0.7057034566322778,0.1941162624611821,0.1001802809065401
241,2022-2023,2023-03-01,Liverpool,Wolverhampton Wanderers,H,2,0,2.6,0.8,15,4,6,1,57,43,1.49,4.569999999999999,6.56,0.6438430596032464,0.2099181966758943,0.1462387437208593
242,2022-2023,2023-03-04,Manchester City,Newcastle United,H,2,0,1.3,0.4,11,5,3,2,56,44,1.47,4.5,6.833333333333333,0.648597342332841,0.211875131828728,0.1395275258384307
243,2022-2023,2023-03-04,Arsenal,Bournemouth,H,3,2,2.1,1.3,31,4,9,4,79,21,1.2133333333333332,6.776666666666666,12.896666666666668,0.7854676525526001,0.1406346411850204,0.0738977062623795
244,2022-2023,2023-03-04,Aston Villa,Crystal Palace,H,1,0,1.2,0.2,8,3,1,0,58,42,2.06,3.323333333333333,3.863333333333333,0.4644513855086817,0.2878946401648599,0.2476539743264584
245,2022-2023,2023-03-04,Southampton,Leicester City,H,1,0,1.4,1.9,10,11,4,0,35,65,2.766666666666667,3.283333333333333,2.623333333333333,0.3451516170181503,0.290838418401081,0.3640099645807685
246,2022-2023,2023-03-04,Brighton & Hove Albion,West Ham United,H,4,0,3.5,0.3,19,3,8,2,65,35,1.7766666666666666,3.7266666666666666,4.583333333333333,0.536371182465992,0.2557118428035543,0.2079169747304536
247,2022-2023,2023-03-04,Wolverhampton Wanderers,Tottenham Hotspur,H,1,0,0.5,1.2,8,21,5,6,46,54,3.306666666666666,3.37,2.236666666666667,0.2890509922558241,0.2836187777623912,0.4273302299817845
248,2022-2023,2023-03-04,Chelsea,Leeds United,H,1,0,1.5,1.0,13,11,3,2,57,43,1.6333333333333335,3.983333333333334,5.456666666666667,0.5850108929855752,0.239878943567307,0.1751101634471178
249,2022-2023,2023-03-05,Liverpool,Manchester United,H,7,0,2.8,0.8,18,8,8,4,59,41,2.3833333333333333,3.653333333333333,2.8466666666666662,0.401669531901088,0.2620380614135748,0.3362924066853372
250,2022-2023,2023-03-05,Nottingham Forest,Everton,D,2,2,0.8,1.7,10,9,4,2,57,43,2.6733333333333333,3.036666666666666,2.9133333333333327,0.3574017947880045,0.314639121207442,0.3279590840045534
251,2022-2023,2023-03-06,Brentford,Fulham,H,3,2,2.1,1.4,13,9,5,5,37,63,1.9833333333333332,3.62,3.723333333333333,0.480640070495557,0.2633341086048402,0.2560258208996029
252,2022-2023,2023-03-11,Leicester City,Chelsea,A,1,3,2.4,1.6,17,12,6,6,48,52,3.7833333333333337,3.536666666666666,1.99,0.2518309335027534,0.2693950136905044,0.4787740528067422
253,2022-2023,2023-03-11,Tottenham Hotspur,Nottingham Forest,H,3,1,2.0,1.5,14,8,6,4,55,45,1.4366666666666663,4.613333333333334,7.433333333333334,0.6645888395966024,0.206963721001543,0.1284474394018545
254,2022-2023,2023-03-11,Everton,Brentford,H,1,0,1.0,2.0,13,12,6,3,33,67,2.69,3.2266666666666666,2.74,0.3551855928821467,0.2961103031569136,0.3487041039609397
255,2022-2023,2023-03-11,Crystal Palace,Manchester City,A,0,1,0.2,2.1,4,13,0,3,33,67,9.06,4.983333333333333,1.3533333333333335,0.1051232722214217,0.1911204373898489,0.7037562903887294
256,2022-2023,2023-03-11,Bournemouth,Liverpool,H,1,0,0.9,1.7,5,14,2,5,31,69,7.19,4.89,1.42,0.1327364100877989,0.1951686684113036,0.6720949215008976
257,2022-2023,2023-03-11,Leeds United,Brighton & Hove Albion,D,2,2,0.9,2.7,12,15,4,3,38,62,3.813333333333333,3.653333333333333,1.9533333333333331,0.2502493703398917,0.2612091967781352,0.4885414328819729
258,2022-2023,2023-03-12,Newcastle United,Wolverhampton Wanderers,H,2,1,1.8,1.1,19,7,8,4,43,57,1.6666666666666667,3.776666666666667,5.433333333333334,0.5720644675664207,0.25245563440707,0.1754798980265094
259,2022-2023,2023-03-12,Fulham,Arsenal,A,0,3,0.8,2.3,12,15,2,7,45,55,5.94,4.076666666666667,1.5766666666666669,0.1606550966728885,0.2340861670246012,0.6052587363025103
260,2022-2023,2023-03-12,Manchester United,Southampton,D,0,0,0.8,1.0,10,17,4,4,47,53,1.3433333333333335,5.11,9.336666666666666,0.710853094965926,0.1868713615598618,0.1022755434742121
261,2022-2023,2023-03-12,West Ham United,Aston Villa,D,1,1,2.1,1.5,16,12,4,4,41,59,2.216666666666667,3.333333333333333,3.383333333333333,0.4310024522553317,0.2866166307497956,0.2823809169948725
262,2022-2023,2023-03-15,Brighton & Hove Albion,Crystal Palace,H,1,0,0.6,1.1,11,11,5,3,57,43,1.45,4.303333333333334,7.739999999999999,0.6560446032122244,0.2210529840412994,0.1229024127464761
263,2022-2023,2023-03-15,Southampton,Brentford,A,0,2,0.5,1.9,7,11,0,4,66,34,2.9433333333333334,3.286666666666666,2.48,0.3244261609234848,0.2905358013138308,0.3850380377626843
264,2022-2023,2023-03-17,Nottingham Forest,Newcastle United,A,1,2,0.4,2.4,5,14,3,3,39,61,5.603333333333333,3.790000000000001,1.6499999999999997,0.1702298131968143,0.2516766191590543,0.5780935676441312
265,2022-2023,2023-03-18,Southampton,Tottenham Hotspur,D,3,3,2.4,2.3,18,17,6,3,51,49,4.623333333333334,3.6266666666666665,1.79,0.2058594194559729,0.2624329180013185,0.5317076625427085
266,2022-2023,2023-03-18,Wolverhampton Wanderers,Leeds United,A,2,4,2.7,1.6,23,11,8,4,65,35,2.2666666666666666,3.216666666666667,3.35,0.4199421934031198,0.2959178150405404,0.2841399915563398
267,2022-2023,2023-03-18,Chelsea,Everton,D,2,2,2.3,1.2,19,12,6,3,68,32,1.49,4.13,7.649999999999999,0.6428610669688911,0.2319280846933771,0.1252108483377317
268,2022-2023,2023-03-18,Brentford,Leicester City,D,1,1,0.6,1.3,11,14,2,1,53,47,1.9366666666666663,3.6633333333333336,3.813333333333333,0.4910314207837015,0.2595898593952052,0.2493787198210931
269,2022-2023,2023-03-18,Aston Villa,Bournemouth,H,3,0,3.5,1.3,20,10,9,3,56,44,1.7133333333333332,3.81,4.97,0.557280380002021,0.250605525215257,0.1921140947827221
270,2022-2023,2023-03-19,Arsenal,Crystal Palace,H,4,1,1.6,0.8,15,9,5,5,62,38,1.25,5.673333333333333,14.243333333333334,0.7644737546107958,0.1684357567444467,0.0670904886447574
271,2022-2023,2023-04-01,Bournemouth,Fulham,H,2,1,2.6,0.8,12,10,6,2,43,57,2.553333333333333,3.33,2.813333333333333,0.3739226766313627,0.2867114817814052,0.3393658415872321
272,2022-2023,2023-04-01,Nottingham Forest,Wolverhampton Wanderers,D,1,1,1.3,0.5,17,8,7,1,29,71,2.9633333333333334,3.12,2.58,0.3227508560339366,0.3065443493741129,0.3707047945919505
273,2022-2023,2023-04-01,Arsenal,Leeds United,H,4,1,3.8,0.7,12,7,4,5,66,34,1.2833333333333334,5.823333333333333,10.306666666666668,0.743553760155733,0.1638627347795977,0.0925835050646692
274,2022-2023,2023-04-01,Crystal Palace,Leicester City,H,2,1,2.3,0.2,31,3,9,2,52,48,2.52,3.2433333333333336,2.9333333333333336,0.3793526938010941,0.2947488556152386,0.3258984505836673
275,2022-2023,2023-04-01,Chelsea,Aston Villa,A,0,2,2.1,0.9,27,5,7,2,69,31,1.6766666666666663,3.776666666666667,5.3566666666666665,0.569165016907105,0.2526831451935337,0.1781518378993614
276,2022-2023,2023-04-01,Brighton & Hove Albion,Brentford,D,3,3,4.2,1.6,32,7,13,5,72,28,1.663333333333333,4.026666666666666,5.053333333333334,0.5739753350776217,0.2370974273209712,0.1889272376014071
277,2022-2023,2023-04-01,Manchester City,Liverpool,H,4,1,2.9,0.3,17,4,8,1,68,32,1.6333333333333335,4.14,5.17,0.5846414107569488,0.2306556290425966,0.1847029602004545
278,2022-2023,2023-04-02,West Ham United,Southampton,H,1,0,1.4,0.3,12,9,2,3,43,57,1.7433333333333334,3.6966666666666663,4.94,0.5480961145269292,0.2584799530185608,0.1934239324545101
279,2022-2023,2023-04-02,Newcastle United,Manchester United,H,2,0,3.7,0.4,22,6,6,1,46,54,2.393333333333333,3.45,2.936666666666666,0.3986123855366699,0.2765253070679507,0.3248623073953792
280,2022-2023,2023-04-03,Everton,Tottenham Hotspur,D,1,1,0.9,1.4,15,7,6,0,39,61,3.4466666666666668,3.3166666666666664,2.1966666666666668,0.2771434283441557,0.288006336590811,0.4348502350650333
281,2022-2023,2023-04-04,Leicester City,Aston Villa,A,1,2,0.5,1.0,9,15,4,5,36,64,2.56,3.3666666666666667,2.7900000000000005,0.3734187447490266,0.283946134621042,0.3426351206299312
282,2022-2023,2023-04-04,Leeds United,Nottingham Forest,H,2,1,1.8,0.8,21,13,6,1,61,39,1.7166666666666668,3.773333333333333,5.076666666666667,0.5576948146787126,0.2537215808829832,0.188583604438304
283,2022-2023,2023-04-04,Bournemouth,Brighton & Hove Albion,A,0,2,1.7,2.7,14,16,3,6,37,63,6.053333333333334,4.19,1.5533333333333337,0.157686292139671,0.2278109041572335,0.6145028037030955
284,2022-2023,2023-04-04,Chelsea,Liverpool,D,0,0,2.2,0.3,12,7,2,3,49,51,2.236666666666667,3.4033333333333338,3.2833333333333337,0.4276397057291478,0.2810443119924174,0.2913159822784347
285,2022-2023,2023-04-05,Manchester United,Brentford,H,1,0,1.2,0.7,18,6,3,1,64,36,1.6499999999999997,4.076666666666667,5.03,0.5771092237996378,0.2335805934430258,0.1893101827573364
286,2022-2023,2023-04-05,West Ham United,Newcastle United,A,1,5,1.0,3.3,7,15,2,7,42,58,3.5766666666666667,3.3366666666666664,2.15,0.2677022128258403,0.2869575168452813,0.4453402703288784
287,2022-2023,2023-04-08,Aston Villa,Nottingham Forest,H,2,0,1.3,0.2,8,6,3,2,63,37,1.6133333333333333,4.053333333333334,5.516666666666667,0.5915502562577086,0.2354525691025747,0.1729971746397165
288,2022-2023,2023-04-08,Tottenham Hotspur,Brighton & Hove Albion,H,2,1,0.8,1.4,9,17,3,4,35,65,2.543333333333333,3.56,2.706666666666667,0.3767791537918785,0.2691783654898907,0.3540424807182306
289,2022-2023,2023-04-08,Fulham,West Ham United,A,0,1,0.7,1.1,16,9,3,5,76,24,2.786666666666666,3.26,2.646666666666667,0.343914144143027,0.2939797796560026,0.3621060762009704
290,2022-2023,2023-04-08,Brentford,Newcastle United,A,1,2,2.6,1.3,10,10,4,4,42,58,3.6266666666666665,3.426666666666667,2.0766666666666667,0.2628290677842291,0.2781692857482891,0.4590016464674819
291,2022-2023,2023-04-08,Leicester City,Bournemouth,A,0,1,0.6,1.9,14,19,4,7,51,49,1.856666666666667,3.703333333333333,4.1933333333333325,0.5143724852061206,0.2578807149053188,0.2277467998885606
292,2022-2023,2023-04-08,Wolverhampton Wanderers,Chelsea,H,1,0,0.6,1.1,9,13,4,1,38,62,4.226666666666667,3.4599999999999995,1.93,0.2266770462532784,0.2769041374269336,0.4964188163197878
293,2022-2023,2023-04-08,Southampton,Manchester City,A,1,4,0.4,2.9,4,12,1,7,27,73,12.216666666666669,6.086666666666667,1.2433333333333334,0.0779249723669296,0.1564047227408527,0.7656703048922175
294,2022-2023,2023-04-08,Manchester United,Everton,H,2,0,3.4,1.0,29,15,11,1,63,37,1.4966666666666668,4.316666666666666,6.793333333333333,0.6381489880739226,0.2212578344750512,0.1405931774510261
295,2022-2023,2023-04-09,Liverpool,Arsenal,D,2,2,3.9,1.4,20,9,6,5,59,41,2.7999999999999994,3.67,2.4066666666666667,0.3417193911897386,0.2607123420521167,0.3975682667581446
296,2022-2023,2023-04-09,Leeds United,Crystal Palace,A,1,5,0.9,3.0,11,16,7,7,48,52,2.1133333333333333,3.3766666666666665,3.623333333333333,0.4526688457413287,0.2833090307996075,0.2640221234590638
297,2022-2023,2023-04-15,Southampton,Crystal Palace,A,0,2,0.8,0.9,11,10,4,2,58,42,2.81,3.1633333333333336,2.6766666666666663,0.3403540804016823,0.3023377131492288,0.3573082064490887
298,2022-2023,2023-04-15,Manchester City,Leicester City,H,3,1,1.6,2.3,11,11,3,4,70,30,1.1466666666666665,8.273333333333333,16.95,0.8290170177150342,0.1149000217945091,0.0560829604904565
299,2022-2023,2023-04-15,Wolverhampton Wanderers,Brentford,H,2,0,0.8,1.1,11,10,9,3,50,50,2.49,3.153333333333333,3.0033333333333334,0.3818660382472654,0.301536924493348,0.3165970372593865
300,2022-2023,2023-04-15,Everton,Fulham,A,1,3,1.4,1.8,15,21,7,7,46,54,2.06,3.3766666666666665,3.7833333333333337,0.4641313505184644,0.2831521960714817,0.2527164534100538
301,2022-2023,2023-04-15,Aston Villa,Newcastle United,H,3,0,1.9,0.5,16,8,6,2,52,48,3.6366666666666663,3.39,2.0933333333333333,0.2624655262185668,0.281563312787076,0.4559711609943572
302,2022-2023,2023-04-15,Tottenham Hotspur,Bournemouth,A,2,3,2.2,1.3,24,9,8,6,58,42,1.47,4.503333333333333,6.933333333333334,0.6500073673114818,0.2121785706768049,0.1378140620117132
303,2022-2023,2023-04-15,Chelsea,Brighton & Hove Albion,A,1,2,0.5,2.9,8,26,2,10,43,57,2.64,3.4066666666666663,2.6566666666666667,0.3611832659182274,0.2798993606724425,0.3589173734093301
304,2022-2023,2023-04-16,West Ham United,Arsenal,D,2,2,1.8,2.7,15,10,2,5,30,70,5.98,4.163333333333333,1.5633333333333337,0.1597059113006366,0.2293934386495933,0.6109006500497699
305,2022-2023,2023-04-16,Nottingham Forest,Manchester United,A,0,2,0.7,3.5,6,22,0,7,32,68,5.19,3.936666666666666,1.6666666666666667,0.1840815732318894,0.2426884077240067,0.5732300190441038
306,2022-2023,2023-04-17,Leeds United,Liverpool,A,1,6,1.4,2.7,13,13,3,7,27,73,4.306666666666667,4.206666666666667,1.7333333333333332,0.2218088112421347,0.2270816039024073,0.5511095848554579
307,2022-2023,2023-04-21,Arsenal,Southampton,D,3,3,2.5,1.3,25,8,5,6,74,26,1.1966666666666663,7.206666666666667,14.106666666666667,0.7994373103434418,0.1327465284057796,0.0678161612507787
308,2022-2023,2023-04-22,Crystal Palace,Everton,D,0,0,0.5,0.4,12,10,2,5,56,44,2.1,3.2266666666666666,3.790000000000001,0.4535319845423911,0.29517060977449,0.251297405683119
309,2022-2023,2023-04-22,Brentford,Aston Villa,D,1,1,2.7,1.5,16,14,5,2,44,56,2.5166666666666666,3.353333333333333,2.8433333333333337,0.3794190381148739,0.2847528566369083,0.3358281052482177
310,2022-2023,2023-04-22,Liverpool,Nottingham Forest,H,3,2,2.8,0.9,18,11,5,5,80,20,1.1766666666666663,7.403333333333333,16.503333333333334,0.8128520736460911,0.1291926078329897,0.057955318520919
311,2022-2023,2023-04-22,Leicester City,Wolverhampton Wanderers,H,2,1,2.4,0.9,14,16,6,3,42,58,2.4133333333333336,3.27,3.046666666666667,0.3952342707926513,0.2916917554066051,0.3130739738007435
312,2022-2023,2023-04-22,Fulham,Leeds United,H,2,1,1.7,0.8,12,10,5,2,50,50,2.3633333333333333,3.4233333333333333,3.01,0.4039553941172192,0.2788747560166586,0.3171698498661223
313,2022-2023,2023-04-23,Newcastle United,Tottenham Hotspur,H,6,1,3.7,1.0,25,11,8,3,56,44,1.84,3.796666666666667,4.17,0.5192424373280218,0.2516433936831149,0.2291141689888632
314,2022-2023,2023-04-23,Bournemouth,West Ham United,A,0,4,1.5,2.4,17,18,5,10,64,36,2.8433333333333337,3.233333333333333,2.5933333333333333,0.3360460684043845,0.2955126766483917,0.3684412549472237
315,2022-2023,2023-04-25,Aston Villa,Fulham,H,1,0,1.0,0.1,14,1,3,0,51,49,1.7833333333333332,3.863333333333333,4.3500000000000005,0.5343117600199242,0.2466408900868502,0.2190473498932255
316,2022-2023,2023-04-25,Wolverhampton Wanderers,Crystal Palace,H,2,0,1.4,0.8,8,14,2,4,41,59,2.5033333333333334,3.1166666666666667,3.0766666666666667,0.3821374154642101,0.3069360417257987,0.3109265428099911
317,2022-2023,2023-04-25,Leeds United,Leicester City,D,1,1,1.5,2.1,13,15,3,3,41,59,2.3466666666666662,3.4966666666666666,2.973333333333333,0.4064457390672808,0.2727719735971073,0.3207822873356117
318,2022-2023,2023-04-26,Manchester City,Arsenal,H,4,1,2.5,0.5,14,8,9,2,52,48,1.5466666666666669,4.45,5.586666666666667,0.6156061634903113,0.213963490531464,0.1704303459782246
319,2022-2023,2023-04-26,Chelsea,Brentford,A,0,2,1.3,1.1,15,7,4,1,71,29,1.7,3.91,4.9366666666666665,0.5620678844281637,0.2443773410557233,0.193554774516113
320,2022-2023,2023-04-26,West Ham United,Liverpool,A,1,2,0.8,1.9,7,20,2,4,28,72,3.956666666666667,3.856666666666667,1.87,0.2414412892997656,0.2477016511657924,0.5108570595344418
321,2022-2023,2023-04-26,Nottingham Forest,Brighton & Hove Albion,H,3,1,2.4,2.3,10,17,3,7,26,74,6.04,4.273333333333333,1.5366666666666664,0.1576292008306577,0.222795719114783,0.6195750800545593
322,2022-2023,2023-04-27,Everton,Newcastle United,A,1,4,0.9,2.4,13,15,5,7,40,60,4.843333333333334,3.643333333333333,1.7533333333333332,0.1963970519159983,0.2610840955479832,0.5425188525360184
323,2022-2023,2023-04-27,Southampton,Bournemouth,A,0,1,0.5,0.9,11,16,2,2,57,43,2.28,3.396666666666667,3.1966666666666668,0.4193770162129593,0.2815052787926046,0.299117704994436
324,2022-2023,2023-04-27,Tottenham Hotspur,Manchester United,D,2,2,2.5,2.0,18,17,7,7,40,60,2.803333333333333,3.606666666666667,2.42,0.3406381447143613,0.2647658777308482,0.3945959775547905
325,2022-2023,2023-04-29,Brentford,Nottingham Forest,H,2,1,1.6,0.7,14,5,8,3,68,32,1.66,3.806666666666666,5.513333333333333,0.5756504481793058,0.2510279537594521,0.173321598061242
326,2022-2023,2023-04-29,Crystal Palace,West Ham United,H,4,3,2.1,1.7,15,8,5,4,59,41,2.686666666666666,3.1966666666666668,2.76,0.3553800751351386,0.2986823154941831,0.3459376093706782
327,2022-2023,2023-04-29,Brighton & Hove Albion,Wolverhampton Wanderers,H,6,0,3.3,0.8,22,10,8,2,57,43,1.4933333333333332,4.336666666666667,6.75,0.6387388464211932,0.2199500408890811,0.1413111126897256
328,2022-2023,2023-04-30,Newcastle United,Southampton,H,3,1,4.3,0.8,22,4,5,3,63,37,1.3166666666666669,5.32,9.87,0.7241682247201134,0.1792270982233363,0.0966046770565501
329,2022-2023,2023-04-30,Manchester United,Aston Villa,H,1,0,1.2,0.6,14,7,6,1,57,43,1.7733333333333334,3.893333333333333,4.423333333333333,0.5386817253541197,0.2453584570962257,0.2159598175496546
330,2022-2023,2023-04-30,Bournemouth,Leeds United,H,4,1,1.9,1.6,12,15,7,6,42,58,2.583333333333333,3.49,2.6966666666666668,0.3706197933599163,0.274336523260683,0.3550436833794007
331,2022-2023,2023-04-30,Liverpool,Tottenham Hotspur,H,4,3,2.2,2.0,11,10,3,6,67,33,1.53,4.656666666666666,5.586666666666666,0.6240531744227359,0.2050396614602976,0.1709071641169664
332,2022-2023,2023-04-30,Fulham,Manchester City,A,1,2,0.2,2.5,4,11,1,8,38,62,11.99,6.093333333333334,1.2466666666666668,0.0794573296548479,0.156350117488232,0.7641925528569199
333,2022-2023,2023-05-01,Leicester City,Everton,D,2,2,3.4,3.1,14,22,4,7,54,46,2.03,3.426666666666667,3.81,0.4705393323490085,0.2787533593390526,0.2507073083119389
334,2022-2023,2023-05-02,Arsenal,Chelsea,H,3,1,1.7,0.8,16,7,9,4,55,45,1.586666666666667,4.1066666666666665,5.753333333333334,0.6016319416937336,0.2324487047453062,0.1659193535609601
335,2022-2023,2023-05-03,Liverpool,Fulham,H,1,0,1.8,0.9,14,9,2,3,57,43,1.2566666666666666,6.016666666666667,10.673333333333332,0.7538049175134393,0.1574429107493443,0.0887521717372163
336,2022-2023,2023-05-03,Manchester City,West Ham United,H,3,0,2.3,0.4,16,6,7,2,69,31,1.1966666666666663,7.09,13.846666666666666,0.7966825833824221,0.1344659367345037,0.068851479883074
337,2022-2023,2023-05-04,Brighton & Hove Albion,Manchester United,H,1,0,2.3,1.4,21,16,5,5,59,41,2.0,3.68,3.5733333333333337,0.4754705337858684,0.2584078987966677,0.2661215674174637
338,2022-2023,2023-05-06,Tottenham Hotspur,Crystal Palace,H,1,0,0.9,0.4,8,7,3,2,56,44,1.8066666666666664,3.843333333333333,4.256666666666667,0.5278408828148723,0.2481264167265054,0.2240327004586223
339,2022-2023,2023-05-06,Bournemouth,Chelsea,A,1,3,1.2,1.3,10,11,4,5,35,65,3.3866666666666667,3.483333333333333,2.1466666666666665,0.2816989841791809,0.2738815004077012,0.4444195154131177
340,2022-2023,2023-05-06,Liverpool,Brentford,H,1,0,2.2,0.2,15,5,5,1,54,46,1.4666666666666666,4.8966666666666665,6.056666666666668,0.6486426652844111,0.1942837118619066,0.1570736228536823
341,2022-2023,2023-05-06,Wolverhampton Wanderers,Aston Villa,H,1,0,0.8,1.5,6,16,2,3,38,62,2.98,3.27,2.486666666666667,0.3215737659968257,0.2930549916423671,0.3853712423608071
342,2022-2023,2023-05-06,Manchester City,Leeds United,H,2,1,2.6,0.2,17,4,6,2,80,20,1.1666666666666663,8.200000000000001,15.410000000000002,0.8210282833139493,0.1168129671381635,0.0621587495478871
343,2022-2023,2023-05-07,West Ham United,Manchester United,H,1,0,1.3,1.2,15,19,4,4,35,65,3.4233333333333333,3.71,2.073333333333333,0.2798097594670613,0.2581892389691572,0.4620010015637815
344,2022-2023,2023-05-07,Newcastle United,Arsenal,A,0,2,1.3,1.3,12,10,5,6,55,45,2.486666666666667,3.716666666666667,2.66,0.3840400057318759,0.2569451518170219,0.3590148424511021
345,2022-2023,2023-05-08,Nottingham Forest,Southampton,H,4,3,1.8,3.1,8,18,3,4,36,64,2.123333333333333,3.533333333333333,3.45,0.4511816220906681,0.271134616294109,0.2776837616152228
346,2022-2023,2023-05-08,Brighton & Hove Albion,Everton,A,1,5,3.2,2.3,23,10,5,5,78,22,1.346666666666667,5.196666666666666,8.793333333333335,0.7080714778856898,0.1834899788748035,0.1084385432395066
347,2022-2023,2023-05-08,Fulham,Leicester City,H,5,3,1.6,2.8,17,16,7,7,57,43,2.6466666666666665,3.536666666666666,2.5900000000000003,0.360980904811301,0.2701402812631225,0.3688788139255765
348,2022-2023,2023-05-13,Crystal Palace,Bournemouth,H,2,0,1.5,0.3,17,5,5,0,59,41,1.846666666666667,3.673333333333333,4.213333333333334,0.5151947781034231,0.2589999156708678,0.2258053062257091
349,2022-2023,2023-05-13,Aston Villa,Tottenham Hotspur,H,2,1,1.2,1.4,8,4,4,1,48,52,2.263333333333333,3.606666666666667,3.0033333333333334,0.419965373433178,0.2635457380417078,0.3164888885251142
350,2022-2023,2023-05-13,Manchester United,Wolverhampton Wanderers,H,2,0,3.2,0.3,27,5,9,0,48,52,1.366666666666667,5.013333333333333,8.200000000000001,0.694795195565137,0.1894056051740068,0.1157991992608561
351,2022-2023,2023-05-13,Southampton,Fulham,A,0,2,0.4,1.4,5,9,1,3,36,64,2.823333333333333,3.3866666666666667,2.4966666666666666,0.3373247237624776,0.2812146073098607,0.3814606689276616
352,2022-2023,2023-05-13,Leeds United,Newcastle United,D,2,2,2.0,2.3,8,16,3,3,36,64,4.516666666666667,4.176666666666667,1.7033333333333334,0.2112794476692483,0.2284785726989875,0.560241979631764
353,2022-2023,2023-05-13,Chelsea,Nottingham Forest,D,2,2,1.2,1.3,14,11,6,2,75,25,1.5033333333333332,4.39,6.46,0.6348565087973662,0.2174034058220289,0.1477400853806048
354,2022-2023,2023-05-14,Arsenal,Brighton & Hove Albion,A,0,3,0.9,1.7,14,12,2,6,41,59,1.7466666666666668,4.1866666666666665,4.246666666666667,0.5468962330443247,0.2281637150598934,0.2249400518957819
355,2022-2023,2023-05-14,Everton,Manchester City,A,0,3,1.6,0.8,7,9,2,4,37,63,8.983333333333333,5.0,1.356666666666667,0.1061764058808337,0.1907636092325646,0.7030599848866017
356,2022-2023,2023-05-14,Brentford,West Ham United,H,2,0,3.4,0.2,24,4,9,4,53,47,2.036666666666666,3.516666666666667,3.6366666666666663,0.4674680602109242,0.2707326870036726,0.261799252785403
357,2022-2023,2023-05-15,Leicester City,Liverpool,A,0,3,0.4,2.2,4,16,4,5,34,66,5.08,4.49,1.5833333333333333,0.1872720838810344,0.2118802196248674,0.600847696494098
358,2022-2023,2023-05-18,Newcastle United,Brighton & Hove Albion,H,4,1,3.6,0.5,22,8,8,2,35,65,2.02,3.8166666666666655,3.4466666666666668,0.4727392225854934,0.2502008461893528,0.2770599312251537
359,2022-2023,2023-05-20,Fulham,Crystal Palace,D,2,2,1.7,1.6,10,11,3,5,49,51,2.44,3.3633333333333333,2.9766666666666666,0.3928995801248942,0.2850371582273762,0.3220632616477296
360,2022-2023,2023-05-20,Nottingham Forest,Arsenal,H,1,0,0.6,0.6,6,11,2,3,19,81,5.373333333333334,4.376666666666667,1.5766666666666669,0.1774384649955243,0.217845244152921,0.6047162908515546
361,2022-2023,2023-05-20,Bournemouth,Manchester United,A,0,1,1.0,1.4,10,20,4,5,41,59,6.123333333333334,4.696666666666666,1.5,0.1565929445376216,0.204159857427687,0.6392471980346912
362,2022-2023,2023-05-20,Wolverhampton Wanderers,Everton,D,1,1,1.6,2.0,13,19,5,4,52,48,2.753333333333334,3.303333333333333,2.623333333333333,0.3468540767474077,0.289103397975135,0.3640425252774572
363,2022-2023,2023-05-20,Tottenham Hotspur,Brentford,A,1,3,1.7,1.2,22,11,7,4,61,39,1.836666666666667,3.83,4.12,0.5193886988950367,0.2490715170506224,0.2315397840543408
364,2022-2023,2023-05-20,Liverpool,Aston Villa,D,1,1,0.7,1.3,10,5,5,3,66,34,1.4733333333333334,4.8566666666666665,6.23,0.6494125643150559,0.1970077923316779,0.1535796433532663
365,2022-2023,2023-05-21,Manchester City,Chelsea,H,1,0,1.2,1.2,15,13,2,6,64,36,1.25,6.13,11.38,0.7611757735395306,0.1552152882421555,0.0836089382183139
366,2022-2023,2023-05-21,West Ham United,Leeds United,H,3,1,2.1,0.9,19,12,9,3,59,41,2.436666666666667,3.516666666666667,2.8599999999999994,0.3929470179845137,0.2722694503759996,0.3347835316394867
367,2022-2023,2023-05-21,Brighton & Hove Albion,Southampton,H,3,1,2.5,0.6,26,5,8,1,63,37,1.2233333333333334,6.663333333333334,12.143333333333333,0.7786143034122527,0.142947198275286,0.0784384983124613
368,2022-2023,2023-05-22,Newcastle United,Leicester City,D,0,0,2.1,0.1,23,1,3,1,77,23,1.3733333333333333,5.3500000000000005,7.413333333333334,0.6935055064358971,0.178021351184791,0.1284731423793118
369,2022-2023,2023-05-24,Brighton & Hove Albion,Manchester City,D,1,1,2.2,1.8,20,13,7,4,40,60,3.943333333333333,4.239999999999999,1.7933333333333332,0.242194307264456,0.2252483219291285,0.5325573708064155
370,2022-2023,2023-05-25,Manchester United,Chelsea,H,4,1,5.2,1.9,17,14,8,5,42,58,1.61,4.34,5.0633333333333335,0.5920873124147339,0.2196452933151432,0.1882673942701228
371,2022-2023,2023-05-28,Everton,Bournemouth,H,1,0,1.0,0.5,13,7,6,1,38,62,1.4533333333333334,4.4433333333333325,6.513333333333333,0.6450723089275533,0.2109913928675268,0.1439362982049198
372,2022-2023,2023-05-28,Arsenal,Wolverhampton Wanderers,H,5,0,2.8,0.5,14,6,8,0,51,49,1.346666666666667,5.17,7.553333333333334,0.6950406139736433,0.181042171531497,0.1239172144948596
373,2022-2023,2023-05-28,Manchester United,Fulham,H,2,1,2.9,1.8,21,9,8,2,53,47,1.4900000000000002,4.3933333333333335,5.78,0.6261992911112718,0.2123756321143691,0.161425076774359
374,2022-2023,2023-05-28,Aston Villa,Brighton & Hove Albion,H,2,1,2.8,1.4,12,8,5,4,41,59,2.0,3.7433333333333336,3.283333333333333,0.4665440719035157,0.2492666457187083,0.2841892823777761
375,2022-2023,2023-05-28,Brentford,Manchester City,H,1,0,1.3,1.6,11,17,4,2,35,65,3.78,3.9333333333333336,1.8066666666666664,0.2467145107757257,0.2370968264573499,0.5161886627669243
376,2022-2023,2023-05-28,Crystal Palace,Nottingham Forest,D,1,1,1.4,0.5,15,7,3,4,66,34,1.6566666666666665,3.9933333333333336,4.666666666666667,0.5650170495545421,0.2344018978535955,0.2005810525918624
377,2022-2023,2023-05-28,Chelsea,Newcastle United,D,1,1,2.2,1.7,22,13,4,4,64,36,2.8466666666666662,3.546666666666667,2.303333333333333,0.3291074192679121,0.2641520075702978,0.40674057316179
378,2022-2023,2023-05-28,Leeds United,Tottenham Hotspur,A,1,4,1.5,2.2,19,11,2,7,52,48,2.72,3.7433333333333336,2.286666666666666,0.3429203008027519,0.2491745017409133,0.4079051974563347
379,2022-2023,2023-05-28,Leicester City,West Ham United,H,2,1,1.4,1.4,13,16,4,3,48,52,1.903333333333333,3.806666666666666,3.513333333333333,0.4897769516728624,0.2448884758364312,0.2653345724907063
380,2022-2023,2023-05-28,Southampton,Liverpool,D,4,4,1.8,4.0,15,30,10,8,31,69,6.3933333333333335,4.93,1.4,0.1456984957295268,0.1889450404389672,0.6653564638315058
