Date,HomeTeam,AwayTeam,FTHG,FTAG,FTR,B365H,B365D,B365A,PSH,PSD,PSA,WHH,WHD,WHA,AvgH,AvgD,AvgA,pH_raw,pD_raw,pA_raw,ProbH,ProbD,ProbA
05/08/2022,Crystal Palace,Arsenal,0,2,A,4.2,3.6,1.85,4.5,3.65,1.89,4.4,3.5,1.83,4.366666666666666,3.5833333333333335,1.8566666666666667,0.22900763358778628,0.27906976744186046,0.5385996409335727,0.2187949333045882,0.26662452337582376,0.514580543319588
06/08/2022,Fulham,Liverpool,2,2,D,11.0,6.0,1.25,11.2,6.22,1.28,12.0,5.5,1.27,11.4,5.906666666666666,1.2666666666666668,0.08771929824561403,0.16930022573363432,0.7894736842105262,0.08382213812677389,0.16177861873226113,0.754399243140965
06/08/2022,Bournemouth,Aston Villa,2,0,H,3.75,3.5,2.0,3.93,3.58,2.04,3.75,3.3,2.05,3.81,3.4599999999999995,2.03,0.26246719160104987,0.28901734104046245,0.4926108374384237,0.251382391994474,0.27681124667599594,0.4718063613295301
06/08/2022,Leeds,Wolves,2,1,H,2.25,3.4,3.2,2.39,3.33,3.3,2.25,3.3,3.2,2.296666666666667,3.3433333333333337,3.233333333333333,0.43541364296081275,0.2991026919242273,0.30927835051546393,0.41714491274090415,0.2865531853225154,0.2963019019365804
06/08/2022,Newcastle,Nott'm Forest,2,0,H,1.66,3.8,5.25,1.71,3.74,5.83,1.67,3.7,5.25,1.68,3.7466666666666666,5.4433333333333325,0.5952380952380952,0.26690391459074736,0.18371096142069812,0.5691412766432455,0.255202138281313,0.17565658507544138
06/08/2022,Tottenham,Southampton,4,1,H,1.33,5.5,8.5,1.37,5.39,9.11,1.35,5.0,8.5,1.3500000000000003,5.296666666666667,8.703333333333333,0.7407407407407406,0.18879798615481433,0.11489850631941785,0.7092247549051869,0.1807652773672755,0.11000996772753764
06/08/2022,Everton,Chelsea,0,1,A,5.5,4.0,1.61,6.04,4.06,1.63,5.8,3.75,1.62,5.78,3.936666666666666,1.62,0.17301038062283736,0.25402201524132095,0.6172839506172839,0.16566855551553103,0.2432424007315249,0.5910890437529441
07/08/2022,Leicester,Brentford,2,2,D,2.0,3.75,3.5,2.07,3.69,3.74,2.0,3.6,3.5,2.0233333333333334,3.6799999999999997,3.58,0.4942339373970346,0.27173913043478265,0.27932960893854747,0.4728141890194445,0.25996214921630695,0.26722366176424844
07/08/2022,Man United,Brighton,1,2,A,1.6,4.2,5.25,1.65,4.14,5.68,1.6,3.9,5.5,1.6166666666666665,4.08,5.476666666666667,0.6185567010309279,0.24509803921568626,0.18259281801582472,0.5912144751460153,0.23426390559298807,0.1745216192609966
07/08/2022,West Ham,Man City,0,2,A,8.0,5.0,1.36,8.58,5.48,1.38,9.0,5.0,1.33,8.526666666666666,5.16,1.3566666666666667,0.11727912431587179,0.19379844961240308,0.7371007371007371,0.11188852419655312,0.1848907266762163,0.7032207491272306
13/08/2022,Aston Villa,Everton,2,1,H,1.8,3.5,4.75,1.83,3.55,5.12,1.8,3.4,4.75,1.8099999999999998,3.483333333333333,4.873333333333334,0.5524861878453039,0.2870813397129187,0.20519835841313266,0.5288133880171998,0.27478054516109046,0.1964060668217096
13/08/2022,Arsenal,Leicester,4,2,H,1.53,4.33,5.75,1.58,4.34,6.22,1.53,4.2,5.8,1.5466666666666669,4.29,5.923333333333333,0.6465517241379309,0.2331002331002331,0.16882386043894204,0.6166586899165339,0.22232294648117465,0.16101836360229138
13/08/2022,Brighton,Newcastle,0,0,D,2.45,3.2,3.0,2.48,3.24,3.22,2.38,3.25,3.0,2.4366666666666665,3.2300000000000004,3.0733333333333337,0.4103967168262654,0.3095975232198142,0.3253796095444685,0.39258368380556824,0.2961596211164813,0.3112566950779505
13/08/2022,Man City,Bournemouth,4,0,H,1.06,13.0,29.0,1.07,13.82,41.0,1.05,13.0,34.0,1.0599999999999998,13.273333333333333,34.666666666666664,0.9433962264150945,0.07533902561526871,0.028846153846153848,0.9005469370905356,0.07191710848688856,0.02753595442257599
13/08/2022,Southampton,Leeds,2,2,D,2.25,3.5,3.1,2.34,3.55,3.18,2.25,3.4,3.1,2.28,3.483333333333333,3.126666666666667,0.4385964912280702,0.2870813397129187,0.3198294243070362,0.4195059278895412,0.2745856982549725,0.3059083738554863
13/08/2022,Wolves,Fulham,0,0,D,2.3,3.3,3.2,2.44,3.24,3.29,2.35,3.25,3.1,2.3633333333333333,3.263333333333333,3.1966666666666668,0.4231311706629055,0.30643513789581206,0.31282586027111575,0.40592320559919715,0.2939729854645871,0.30010380893621563
13/08/2022,Brentford,Man United,4,0,H,3.75,3.5,2.0,3.82,3.64,2.06,3.8,3.5,1.95,3.7900000000000005,3.546666666666667,2.0033333333333334,0.26385224274406327,0.2819548872180451,0.49916805324459235,0.25249618075558844,0.2698196969164513,0.4776841223279603
14/08/2022,Nott'm Forest,West Ham,1,0,H,4.2,3.6,1.85,4.28,3.72,1.92,4.2,3.5,1.85,4.226666666666667,3.606666666666667,1.8733333333333333,0.23659305993690852,0.277264325323475,0.5338078291814947,0.2258288780380558,0.2646497387728787,0.5095213831890655
14/08/2022,Chelsea,Tottenham,2,2,D,2.25,3.4,3.2,2.28,3.52,3.35,2.25,3.3,3.2,2.26,3.4066666666666663,3.25,0.4424778761061947,0.2935420743639922,0.3076923076923077,0.4239462290930626,0.2812480854452999,0.29480568546163743
15/08/2022,Liverpool,Crystal Palace,1,1,D,1.18,6.75,16.0,1.2,7.09,18.57,1.18,6.5,17.0,1.1866666666666665,6.78,17.19,0.8426966292134832,0.14749262536873156,0.05817335660267597,0.8038217122804888,0.14068855927819765,0.05548972844131355
20/08/2022,Tottenham,Wolves,1,0,H,1.4,4.75,7.5,1.43,4.94,7.95,1.38,4.6,8.5,1.4033333333333333,4.763333333333334,7.983333333333333,0.7125890736342043,0.2099370188943317,0.12526096033402923,0.6800895961516259,0.20036229529729496,0.11954810855107913
20/08/2022,Crystal Palace,Aston Villa,3,1,H,2.5,3.25,2.9,2.58,3.19,3.12,2.5,3.2,2.9,2.526666666666667,3.2133333333333334,2.973333333333333,0.39577836411609496,0.3112033195020747,0.336322869955157,0.3793507492711987,0.29828617007009195,0.3223630806587093
20/08/2022,Everton,Nott'm Forest,1,1,D,1.9,3.6,4.0,2.0,3.45,4.27,1.91,3.5,4.0,1.9366666666666665,3.516666666666667,4.09,0.5163511187607573,0.2843601895734597,0.24449877750611249,0.4940165864794738,0.2720603191891699,0.23392309433135638
20/08/2022,Fulham,Brentford,3,2,H,2.45,3.4,2.9,2.52,3.53,2.93,2.4,3.4,2.88,2.456666666666667,3.4433333333333334,2.9033333333333338,0.4070556309362279,0.2904162633107454,0.3444316877152698,0.3906845489192098,0.27873621737992027,0.33057923370086983
20/08/2022,Leicester,Southampton,1,2,A,1.83,4.0,4.0,1.86,4.09,4.12,1.85,3.75,3.9,1.846666666666667,3.9466666666666668,4.006666666666667,0.5415162454873645,0.2533783783783784,0.24958402662229617,0.5184560213215824,0.2425883748413486,0.23895560383706882
20/08/2022,Bournemouth,Arsenal,0,3,A,8.0,4.75,1.4,7.55,4.8,1.46,8.0,4.5,1.4,7.8500000000000005,4.683333333333334,1.42,0.12738853503184713,0.21352313167259784,0.7042253521126761,0.12188692270801449,0.2043015679554264,0.673811509336559
21/08/2022,Leeds,Chelsea,3,0,H,5.75,4.5,1.53,6.23,4.6,1.54,5.25,4.33,1.57,5.743333333333333,4.476666666666667,1.5466666666666669,0.17411491584445735,0.22338049143708116,0.6465517241379309,0.16676921051230087,0.2139563288999958,0.6192744605877033
21/08/2022,West Ham,Brighton,0,2,A,2.3,3.4,3.1,2.34,3.52,3.22,2.25,3.4,3.1,2.2966666666666664,3.44,3.14,0.4354136429608128,0.29069767441860467,0.3184713375796178,0.41683024401538443,0.27829073461879833,0.30487902136581724
21/08/2022,Newcastle,Man City,3,3,D,7.5,5.0,1.36,9.43,5.22,1.37,9.0,4.8,1.35,8.643333333333333,5.006666666666667,1.36,0.11569610489780179,0.19973368841544606,0.7352941176470588,0.11011085185266375,0.19009150389744148,0.6997976442498948
22/08/2022,Man United,Liverpool,2,1,H,5.25,4.33,1.6,5.39,4.35,1.64,5.25,4.33,1.57,5.296666666666667,4.336666666666667,1.6033333333333335,0.18879798615481433,0.23059185242121444,0.6237006237006236,0.18099866980160406,0.22106601561471856,0.5979353145836774
27/08/2022,Southampton,Man United,0,1,A,4.2,4.0,1.8,4.31,4.0,1.85,4.2,4.0,1.75,4.236666666666667,4.0,1.8,0.2360346184107002,0.25,0.5555555555555556,0.2266098743154493,0.24001762521244674,0.5333725004721039
27/08/2022,Brentford,Everton,1,1,D,2.0,3.5,3.75,2.1,3.49,3.84,2.05,3.4,3.6,2.05,3.4633333333333334,3.73,0.48780487804878053,0.28873917228103946,0.2680965147453083,0.46695954030245673,0.27640049786911536,0.25663996182842796
27/08/2022,Brighton,Leeds,1,0,H,1.9,3.8,3.8,1.93,3.72,4.24,1.85,3.7,4.0,1.8933333333333333,3.7399999999999998,4.013333333333333,0.528169014084507,0.26737967914438504,0.24916943521594687,0.5055612606921412,0.2559347558584102,0.2385039834494487
27/08/2022,Chelsea,Leicester,2,1,H,1.4,5.0,7.0,1.45,4.86,7.66,1.4,4.75,7.5,1.4166666666666667,4.87,7.386666666666667,0.7058823529411764,0.2053388090349076,0.13537906137184116,0.6744527061948824,0.19619603020727244,0.12935126359784524
27/08/2022,Liverpool,Bournemouth,9,0,H,1.1,10.0,26.0,1.13,10.48,23.11,1.1,9.5,21.0,1.11,9.993333333333334,23.37,0.9009009009009008,0.1000667111407605,0.042789901583226354,0.8631323742735446,0.09587160794966323,0.04099601777679224
27/08/2022,Man City,Crystal Palace,4,2,H,1.18,7.5,13.0,1.2,7.5,16.26,1.18,7.0,15.0,1.1866666666666665,7.333333333333333,14.753333333333336,0.8426966292134832,0.13636363636363638,0.06778129236330771,0.8049896594394074,0.1302619630729223,0.06474837748767034
27/08/2022,Arsenal,Fulham,2,1,H,1.3,5.75,9.0,1.33,5.83,9.75,1.29,5.5,9.5,1.3066666666666666,5.6933333333333325,9.416666666666666,0.7653061224489796,0.17564402810304452,0.10619469026548674,0.7308503013312863,0.16773613473177065,0.1014135639369431
28/08/2022,Aston Villa,West Ham,0,1,A,2.3,3.4,3.1,2.41,3.41,3.18,2.25,3.4,3.1,2.32,3.4033333333333338,3.126666666666667,0.4310344827586207,0.2938295788442703,0.3198294243070362,0.4125942092796626,0.2812591279712489,0.30614666274908864
28/08/2022,Wolves,Newcastle,1,1,D,2.7,3.3,2.7,2.76,3.32,2.79,2.7,3.25,2.62,2.72,3.2899999999999996,2.703333333333333,0.3676470588235294,0.30395136778115506,0.36991368680641185,0.3529935505209194,0.29183661319662646,0.35516983628245413
28/08/2022,Nott'm Forest,Tottenham,0,2,A,7.0,4.6,1.44,7.15,4.63,1.49,7.0,4.4,1.44,7.05,4.543333333333334,1.4566666666666663,0.14184397163120568,0.22010271460014671,0.6864988558352404,0.13528978467648095,0.20993242449798763,0.6547777908255314
30/08/2022,Crystal Palace,Brentford,1,1,D,2.05,3.4,3.6,2.11,3.47,3.83,2.05,3.4,3.6,2.07,3.4233333333333333,3.6766666666666663,0.48309178743961356,0.2921129503407984,0.271985494106981,0.461321900003706,0.27894926962249406,0.2597288303738
30/08/2022,Fulham,Brighton,2,1,H,3.1,3.3,2.3,3.26,3.44,2.36,3.2,3.2,2.3,3.186666666666666,3.313333333333334,2.32,0.3138075313807532,0.3018108651911468,0.4310344827586207,0.2998200621981535,0.2883581282308195,0.4118218095710269
30/08/2022,Southampton,Chelsea,2,1,H,5.25,4.0,1.61,5.28,4.24,1.67,5.25,4.0,1.62,5.260000000000001,4.08,1.6333333333333335,0.19011406844106463,0.24509803921568626,0.6122448979591836,0.18150059374443933,0.23399341252346836,0.5845059937320923
30/08/2022,Leeds,Everton,1,1,D,2.15,3.5,3.3,2.16,3.61,3.53,2.1,3.4,3.4,2.1366666666666667,3.5033333333333334,3.41,0.46801872074882994,0.2854424357754519,0.29325513196480935,0.4471304458483237,0.2727027742995009,0.2801667798521754
31/08/2022,Arsenal,Aston Villa,2,1,H,1.45,4.5,6.0,1.5,4.67,6.97,1.44,4.4,7.0,1.4633333333333336,4.523333333333333,6.656666666666666,0.6833712984054668,0.2210759027266028,0.15022533800701052,0.647946422273682,0.20961568119244398,0.14243789653387404
31/08/2022,Bournemouth,Wolves,0,0,D,3.5,3.3,2.15,3.52,3.43,2.24,3.5,3.4,2.1,3.5066666666666664,3.376666666666667,2.1633333333333336,0.285171102661597,0.29615004935834155,0.4622496147919876,0.2732647480465414,0.28378530596738544,0.44294994598607307
31/08/2022,Man City,Nott'm Forest,6,0,H,1.06,13.0,29.0,1.08,13.43,31.06,1.06,12.0,29.0,1.0666666666666667,12.81,29.686666666666667,0.9375,0.078064012490242,0.03368515607455648,0.8934960618385305,0.07439988024676808,0.0321040579147013
31/08/2022,West Ham,Tottenham,1,1,D,3.6,3.8,1.95,3.67,3.84,2.04,3.7,3.6,1.95,3.6566666666666663,3.7466666666666666,1.9800000000000002,0.27347310847766637,0.26690391459074736,0.505050505050505,0.2615897335033237,0.25530599435333284,0.4831042721433435
31/08/2022,Liverpool,Newcastle,2,1,H,1.33,5.25,9.0,1.33,5.89,9.75,1.29,5.5,10.0,1.3166666666666667,5.546666666666667,9.583333333333334,0.759493670886076,0.18028846153846154,0.10434782608695652,0.7273938121350392,0.17266860324119018,0.0999375846237706
01/09/2022,Leicester,Man United,0,1,A,3.4,3.75,2.05,3.45,3.86,2.11,3.3,3.7,2.05,3.383333333333333,3.7699999999999996,2.07,0.2955665024630542,0.26525198938992045,0.48309178743961356,0.2831340090485042,0.2540946235050679,0.462771367446428
03/09/2022,Everton,Liverpool,0,0,D,7.0,4.75,1.4,8.08,5.21,1.41,8.0,4.75,1.38,7.6933333333333325,4.903333333333333,1.3966666666666665,0.12998266897746968,0.20394289598912305,0.7159904534606206,0.12380292013468397,0.19424686585373935,0.6819502140115766
03/09/2022,Brentford,Leeds,5,2,H,2.1,3.5,3.4,2.21,3.59,3.44,2.15,3.5,3.2,2.1533333333333338,3.53,3.3466666666666662,0.4643962848297213,0.28328611898017,0.29880478087649404,0.44376681494565373,0.2707019475494734,0.28553123750487286
03/09/2022,Chelsea,West Ham,2,1,H,1.55,4.5,5.5,1.58,4.37,6.17,1.53,4.2,5.8,1.5533333333333335,4.3566666666666665,5.823333333333333,0.6437768240343347,0.22953328232593728,0.17172295363480253,0.6160348879655242,0.219642125319001,0.1643229867154747
03/09/2022,Newcastle,Crystal Palace,0,0,D,2.0,3.5,3.75,2.1,3.44,3.89,2.0,3.4,3.7,2.033333333333333,3.4466666666666668,3.78,0.49180327868852464,0.2901353965183752,0.2645502645502646,0.4699555437276256,0.277246500651694,0.25279795562068047
03/09/2022,Nott'm Forest,Bournemouth,2,3,A,1.95,3.5,3.8,2.05,3.51,4.0,2.0,3.4,3.8,2.0,3.47,3.8666666666666667,0.5,0.2881844380403458,0.25862068965517243,0.4776438200113917,0.27529903170685405,0.24705714828175435
03/09/2022,Tottenham,Fulham,2,1,H,1.5,4.5,6.5,1.52,4.63,6.51,1.47,4.33,6.5,1.4966666666666668,4.486666666666666,6.503333333333333,0.6681514476614698,0.22288261515601784,0.1537672988211174,0.6395009350041241,0.21332534904669523,0.14717371594918083
03/09/2022,Wolves,Southampton,1,0,H,2.2,3.4,3.25,2.3,3.41,3.41,2.2,3.4,3.25,2.2333333333333334,3.4033333333333338,3.3033333333333332,0.44776119402985076,0.2938295788442703,0.3027245206861756,0.42876054462760577,0.2813609842316316,0.28987847114076276
03/09/2022,Aston Villa,Man City,1,1,D,8.0,5.5,1.33,9.25,5.98,1.33,9.0,5.25,1.32,8.75,5.576666666666667,1.3266666666666669,0.11428571428571428,0.17931858936043035,0.7537688442211053,0.10911652119250198,0.1712079307413734,0.7196755480661248
04/09/2022,Brighton,Leicester,5,2,H,1.83,3.5,4.5,1.85,3.63,4.85,1.83,3.4,4.5,1.8366666666666667,3.51,4.616666666666666,0.5444646098003629,0.2849002849002849,0.21660649819494587,0.5205348955989183,0.27237865857075405,0.20708644583032781
04/09/2022,Man United,Arsenal,3,1,H,2.5,3.5,2.7,2.7,3.58,2.68,2.5,3.5,2.7,2.566666666666667,3.526666666666667,2.693333333333334,0.3896103896103896,0.2835538752362949,0.37128712871287123,0.3730287421826046,0.27148594657902225,0.3554853112383732
16/09/2022,Aston Villa,Southampton,1,0,H,2.1,3.5,3.5,2.14,3.62,3.6,2.05,3.5,3.5,2.0966666666666667,3.5400000000000005,3.533333333333333,0.4769475357710652,0.28248587570621464,0.2830188679245283,0.45752457469300434,0.27098206919199597,0.27149335611499975
16/09/2022,Nott'm Forest,Fulham,2,3,A,2.75,3.3,2.62,2.82,3.43,2.67,2.75,3.4,2.5,2.7733333333333334,3.376666666666667,2.5966666666666667,0.3605769230769231,0.29615004935834155,0.3851091142490372,0.34609755573401,0.28425781477857487,0.36964462948741506
17/09/2022,Wolves,Man City,0,3,A,9.5,5.0,1.33,9.3,5.52,1.36,9.5,5.25,1.32,9.433333333333334,5.256666666666667,1.336666666666667,0.10600706713780919,0.19023462270133162,0.7481296758104737,0.10150323019615845,0.18215227739703765,0.716344492406804
17/09/2022,Newcastle,Bournemouth,1,1,D,1.44,4.4,7.5,1.49,4.56,7.5,1.44,4.2,7.5,1.4566666666666663,4.386666666666667,7.5,0.6864988558352404,0.22796352583586627,0.13333333333333333,0.6551838741126474,0.21756485789302957,0.12725126799432307
17/09/2022,Tottenham,Leicester,6,2,H,1.45,4.5,7.0,1.52,4.46,7.04,1.47,4.5,6.5,1.4799999999999998,4.486666666666667,6.846666666666667,0.6756756756756758,0.2228826151560178,0.1460564751703992,0.6468180401676632,0.2133634545575352,0.13981850527480155
18/09/2022,Brentford,Arsenal,0,3,A,4.2,3.8,1.8,4.46,3.98,1.83,4.2,3.8,1.78,4.286666666666666,3.8599999999999994,1.8033333333333335,0.23328149300155523,0.2590673575129534,0.55452865064695,0.22283552062465856,0.24746673533964675,0.5296977440356947
18/09/2022,Everton,West Ham,1,0,H,2.9,3.25,2.5,2.96,3.39,2.57,2.9,3.25,2.45,2.92,3.296666666666667,2.506666666666667,0.3424657534246575,0.3033367037411527,0.39893617021276595,0.3278004128974932,0.2903469784612781,0.3818526086412288
01/10/2022,Arsenal,Tottenham,3,1,H,2.05,3.75,3.3,2.13,3.65,3.57,2.05,3.5,3.5,2.0766666666666667,3.6333333333333333,3.4566666666666666,0.48154093097913325,0.27522935779816515,0.28929604628736744,0.4603349853041253,0.263108895270156,0.2765561194257185
01/10/2022,Bournemouth,Brentford,0,0,D,3.3,3.4,2.2,3.45,3.49,2.25,3.3,3.4,2.15,3.35,3.43,2.1999999999999997,0.29850746268656714,0.29154518950437314,0.4545454545454546,0.28576297502508846,0.2790979493685266,0.4351390756063848
01/10/2022,Crystal Palace,Chelsea,1,2,A,4.2,3.6,1.85,4.42,3.56,1.93,4.2,3.6,1.83,4.273333333333333,3.5866666666666664,1.87,0.23400936037441497,0.2788104089219331,0.53475935828877,0.22338108331143816,0.2661473501907656,0.5104715664977962
01/10/2022,Fulham,Newcastle,1,4,A,3.0,3.4,2.37,3.11,3.57,2.38,3.0,3.3,2.35,3.0366666666666666,3.4233333333333333,2.3666666666666667,0.32930845225027444,0.2921129503407984,0.4225352112676056,0.3154426610058847,0.2798133049429026,0.40474403405121256
01/10/2022,Liverpool,Brighton,3,3,D,1.33,5.25,8.5,1.38,5.49,8.42,1.36,5.0,8.0,1.3566666666666667,5.246666666666667,8.306666666666667,0.7371007371007371,0.1905972045743329,0.12038523274478331,0.7032845818832512,0.1818531288605357,0.11486228925621317
01/10/2022,Southampton,Everton,1,2,A,2.15,3.4,3.4,2.23,3.48,3.49,2.15,3.4,3.3,2.1766666666666663,3.4266666666666663,3.396666666666667,0.4594180704441042,0.2918287937743191,0.2944062806673209,0.43935990886758497,0.27908756857055733,0.28155252256185764
01/10/2022,West Ham,Wolves,2,0,H,1.95,3.5,4.2,2.01,3.42,4.31,1.91,3.4,4.2,1.9566666666666668,3.44,4.236666666666667,0.5110732538330494,0.29069767441860467,0.2360346184107002,0.49245569700093816,0.280108036956929,0.2274362660421327
02/10/2022,Man City,Man United,6,3,H,1.33,5.75,7.5,1.37,5.91,7.74,1.33,5.25,8.5,1.3433333333333335,5.636666666666667,7.913333333333334,0.7444168734491314,0.17740981667652275,0.12636899747262004,0.7101888342574756,0.16925257256402285,0.12055859317850154
02/10/2022,Leeds,Aston Villa,0,0,D,2.35,3.4,3.0,2.43,3.44,3.12,2.35,3.4,2.9,2.376666666666667,3.4133333333333336,3.0066666666666664,0.4207573632538569,0.29296875,0.33259423503325947,0.4021305367353887,0.27999909442610565,0.3178703688385058
03/10/2022,Leicester,Nott'm Forest,4,0,H,1.75,4.0,4.33,1.78,4.2,4.48,1.73,3.9,4.4,1.7533333333333332,4.033333333333333,4.403333333333333,0.570342205323194,0.24793388429752067,0.22710068130204392,0.5455853058794777,0.23717179412612005,0.21724289999440216
08/10/2022,Bournemouth,Leicester,2,1,H,3.6,3.4,2.05,3.64,3.7,2.09,3.5,3.6,2.0,3.58,3.5666666666666664,2.0466666666666664,0.27932960893854747,0.28037383177570097,0.488599348534202,0.2664589008093783,0.26745500884978723,0.4660860903408344
08/10/2022,Chelsea,Wolves,3,0,H,1.4,4.5,8.0,1.41,4.92,8.68,1.4,4.5,8.0,1.403333333333333,4.64,8.226666666666667,0.7125890736342044,0.21551724137931036,0.12155591572123177,0.6788746444038514,0.20532056414800387,0.1158047914481448
08/10/2022,Man City,Southampton,4,0,H,1.11,10.0,17.0,1.13,10.77,20.4,1.1,9.0,23.0,1.1133333333333335,9.923333333333334,20.133333333333333,0.8982035928143711,0.10077258985555929,0.049668874172185434,0.8565372877637136,0.09609790195266389,0.047364810283622584
08/10/2022,Newcastle,Brentford,5,1,H,1.83,3.8,4.2,1.81,3.99,4.55,1.78,3.75,4.33,1.8066666666666666,3.8466666666666662,4.36,0.5535055350553506,0.25996533795493937,0.2293577981651376,0.5307732232097773,0.24928863689748637,0.21993813989273642
08/10/2022,Brighton,Tottenham,0,1,A,2.8,3.4,2.5,2.82,3.45,2.65,2.7,3.4,2.5,2.7733333333333334,3.4166666666666665,2.5500000000000003,0.3605769230769231,0.29268292682926833,0.392156862745098,0.34491214719770563,0.2799677136277962,0.3751201391744981
09/10/2022,Crystal Palace,Leeds,2,1,H,2.05,3.5,3.6,2.06,3.68,3.76,2.0,3.6,3.5,2.0366666666666666,3.5933333333333333,3.6199999999999997,0.4909983633387889,0.2782931354359926,0.27624309392265195,0.4696146514598189,0.2661730538422536,0.2642122946979276
09/10/2022,West Ham,Fulham,3,1,H,1.72,3.8,4.75,1.79,3.9,4.82,1.75,3.75,4.5,1.7533333333333332,3.8166666666666664,4.69,0.570342205323194,0.26200873362445415,0.21321961620469082,0.5454841880470662,0.2505892427185649,0.20392656923436872
09/10/2022,Arsenal,Liverpool,3,2,H,2.5,3.6,2.62,2.67,3.69,2.66,2.5,3.6,2.6,2.5566666666666666,3.6300000000000003,2.626666666666667,0.39113428943937417,0.2754820936639118,0.38071065989847713,0.3734595531099217,0.26303349608384746,0.36350695080623086
09/10/2022,Everton,Man United,1,2,A,3.6,3.5,2.05,3.62,3.67,2.11,3.5,3.5,2.05,3.5733333333333337,3.5566666666666666,2.07,0.2798507462686567,0.28116213683223995,0.48309178743961356,0.2680293979757643,0.26928539328024315,0.4626852087439926
10/10/2022,Nott'm Forest,Aston Villa,1,1,D,3.3,3.4,2.2,3.4,3.6,2.22,3.4,3.3,2.15,3.3666666666666667,3.4333333333333336,2.19,0.297029702970297,0.2912621359223301,0.4566210045662101,0.28426265867981754,0.2787429954044813,0.4369943459157013
14/10/2022,Brentford,Brighton,2,0,H,3.1,3.4,2.3,3.32,3.52,2.29,3.2,3.25,2.25,3.206666666666667,3.39,2.28,0.3118503118503118,0.2949852507374631,0.4385964912280702,0.29829802014588397,0.28216587549689326,0.4195361043572229
15/10/2022,Leicester,Crystal Palace,0,0,D,2.3,3.4,3.1,2.38,3.55,3.12,2.25,3.4,3.1,2.31,3.4499999999999997,3.106666666666667,0.4329004329004329,0.2898550724637681,0.32188841201716734,0.4143999938137713,0.27746782194487296,0.3081321842413557
15/10/2022,Fulham,Bournemouth,2,2,D,1.85,3.75,4.0,1.92,3.77,4.23,1.88,3.6,4.0,1.8833333333333335,3.7066666666666666,4.076666666666667,0.5309734513274336,0.2697841726618705,0.2452984464431725,0.507595592947432,0.25790603418642,0.23449837286614802
15/10/2022,Wolves,Nott'm Forest,1,0,H,1.7,3.75,5.0,1.74,3.78,5.41,1.7,3.7,5.0,1.7133333333333332,3.7433333333333336,5.136666666666667,0.5836575875486382,0.26714158504007124,0.1946787800129786,0.5582686713729326,0.2555210125429095,0.18621031608415792
15/10/2022,Tottenham,Everton,2,0,H,1.5,4.5,6.5,1.48,4.67,7.26,1.47,4.2,7.0,1.4833333333333334,4.456666666666667,6.919999999999999,0.6741573033707865,0.22438294689603588,0.14450867052023122,0.6463333501769863,0.2151221696550179,0.13854448016799564
16/10/2022,Aston Villa,Chelsea,0,2,A,4.33,3.75,1.8,4.78,3.65,1.85,4.4,3.6,1.8,4.503333333333333,3.6666666666666665,1.8166666666666667,0.2220577350111029,0.27272727272727276,0.5504587155963303,0.21244589185635893,0.2609221817254008,0.5266319264182402
16/10/2022,Leeds,Arsenal,0,1,A,6.0,4.2,1.55,6.23,4.49,1.56,5.5,4.2,1.57,5.91,4.296666666666667,1.5600000000000003,0.1692047377326565,0.23273855702094645,0.6410256410256409,0.16223372713036452,0.22315003739498548,0.61461623547465
16/10/2022,Man United,Newcastle,0,0,D,1.95,3.8,3.5,2.04,3.71,3.8,1.95,3.7,3.6,1.9800000000000002,3.736666666666667,3.6333333333333333,0.505050505050505,0.26761819803746656,0.27522935779816515,0.48196530168537377,0.2553857173961749,0.26264898091845146
16/10/2022,Southampton,West Ham,1,1,D,2.9,3.4,2.4,3.08,3.42,2.47,2.88,3.4,2.38,2.953333333333333,3.4066666666666667,2.4166666666666665,0.33860045146726864,0.29354207436399216,0.4137931034482759,0.3237297229280774,0.280650229466024,0.39562004760589875
16/10/2022,Liverpool,Man City,1,0,H,3.6,4.0,1.9,4.0,4.11,1.88,3.7,3.9,1.88,3.766666666666667,4.003333333333333,1.8866666666666667,0.2654867256637168,0.24979184013322234,0.5300353356890459,0.25397799195658766,0.23896347286506586,0.5070585351783464
18/10/2022,Brighton,Nott'm Forest,0,0,D,1.4,4.75,7.0,1.39,5.17,8.97,1.4,4.5,8.0,1.3966666666666665,4.806666666666667,7.989999999999999,0.7159904534606206,0.20804438280166435,0.1251564455569462,0.68242127614627,0.19829023211184957,0.11928849174188032
18/10/2022,Crystal Palace,Wolves,2,1,H,2.25,3.1,3.4,2.32,3.21,3.58,2.25,3.2,3.3,2.2733333333333334,3.1700000000000004,3.426666666666667,0.4398826979472141,0.31545741324921134,0.29182879377431903,0.42006852558279834,0.3012478805967071,0.27868359382049457
19/10/2022,Bournemouth,Southampton,0,1,A,2.62,3.3,2.62,2.76,3.4,2.74,2.7,3.25,2.6,2.6933333333333334,3.3166666666666664,2.6533333333333338,0.3712871287128713,0.30150753768844224,0.3768844221105527,0.3537148951297547,0.2872378243867757,0.3590472804834695
19/10/2022,Brentford,Chelsea,0,0,D,4.75,3.8,1.72,4.85,3.93,1.78,4.6,3.75,1.73,4.733333333333333,3.8266666666666667,1.7433333333333334,0.2112676056338028,0.2613240418118467,0.5736137667304015,0.20193702189945997,0.24978272743661428,0.5482802506639257
19/10/2022,Liverpool,West Ham,1,0,H,1.4,5.0,7.0,1.45,5.1,7.08,1.4,4.75,7.5,1.4166666666666667,4.95,7.1933333333333325,0.7058823529411764,0.20202020202020202,0.139017608897127,0.6742465923472065,0.19296619646300525,0.13278721118978817
19/10/2022,Newcastle,Everton,1,0,H,1.6,3.8,5.75,1.65,4.06,5.81,1.63,3.9,5.25,1.6266666666666667,3.92,5.603333333333333,0.6147540983606558,0.25510204081632654,0.17846519928613921,0.5864176143375164,0.24334336377271085,0.17023902188977275
19/10/2022,Man United,Tottenham,2,0,H,2.45,3.5,2.75,2.49,3.59,2.93,2.38,3.5,2.8,2.44,3.53,2.8266666666666667,0.4098360655737705,0.28328611898017,0.35377358490566035,0.39147743025585496,0.2705962974006476,0.3379262723434974
20/10/2022,Fulham,Aston Villa,3,0,H,2.9,3.3,2.5,2.94,3.47,2.54,2.8,3.4,2.45,2.8800000000000003,3.39,2.4966666666666666,0.34722222222222215,0.2949852507374631,0.4005340453938585,0.33298973533774234,0.2828939344462236,0.38411633021603403
20/10/2022,Leicester,Leeds,2,0,H,2.25,3.6,3.0,2.36,3.65,3.08,2.3,3.4,3.0,2.3033333333333332,3.5500000000000003,3.026666666666667,0.43415340086830684,0.2816901408450704,0.33039647577092507,0.4149653938034547,0.26924045738796915,0.31579414880857615
22/10/2022,Nott'm Forest,Liverpool,1,0,H,11.0,6.0,1.25,11.14,5.8,1.3,11.0,5.8,1.25,11.046666666666667,5.866666666666667,1.2666666666666666,0.09052504526252263,0.17045454545454544,0.7894736842105263,0.08617712698240894,0.16226761296574047,0.7515552600518507
22/10/2022,Everton,Crystal Palace,3,0,H,2.6,3.2,2.87,2.69,3.19,2.97,2.5,3.2,2.9,2.5966666666666667,3.1966666666666668,2.9133333333333336,0.3851091142490372,0.31282586027111575,0.3432494279176201,0.36987599252098236,0.30045192718857694,0.32967208029044076
22/10/2022,Man City,Brighton,3,1,H,1.2,7.0,13.0,1.21,7.21,15.39,1.2,6.5,15.0,1.2033333333333334,6.903333333333333,14.463333333333333,0.8310249307479224,0.14485755673587639,0.06914035492048859,0.795221785617605,0.13861664152967426,0.06616157285272077
22/10/2022,Chelsea,Man United,1,1,D,2.05,3.5,3.5,2.15,3.54,3.64,2.1,3.4,3.4,2.0999999999999996,3.48,3.5133333333333336,0.4761904761904763,0.28735632183908044,0.2846299810246679,0.45430359239607027,0.27414871954935266,0.271547688054577
23/10/2022,Aston Villa,Brentford,4,0,H,2.1,3.5,3.5,2.23,3.46,3.51,2.1,3.4,3.4,2.143333333333333,3.453333333333333,3.47,0.46656298600311047,0.2895752895752896,0.2881844380403458,0.44676131230201327,0.27728525464304493,0.27595343305494185
23/10/2022,Leeds,Fulham,2,3,A,2.05,3.5,3.6,2.06,3.69,3.75,2.0,3.5,3.6,2.0366666666666666,3.563333333333333,3.65,0.4909983633387889,0.28063610851262866,0.273972602739726,0.46958209758745234,0.26839538037973193,0.26202252203281584
23/10/2022,Southampton,Arsenal,1,1,D,6.0,4.0,1.57,6.2,4.31,1.58,5.5,4.0,1.6,5.8999999999999995,4.103333333333333,1.5833333333333333,0.16949152542372883,0.24370430544272953,0.6315789473684211,0.16222781115570234,0.23326013464304887,0.6045120542012488
23/10/2022,Wolves,Leicester,0,4,A,2.25,3.25,3.25,2.3,3.35,3.46,2.25,3.3,3.2,2.2666666666666666,3.2999999999999994,3.3033333333333332,0.4411764705882353,0.3030303030303031,0.3027245206861756,0.42139964006064845,0.28944621741539495,0.2891541425239566
23/10/2022,Tottenham,Newcastle,1,2,A,2.05,3.5,3.5,2.12,3.62,3.63,2.05,3.5,3.5,2.0733333333333333,3.5400000000000005,3.543333333333333,0.48231511254019294,0.28248587570621464,0.28222013170272814,0.46065461655981094,0.26979959651619806,0.269545786923991
24/10/2022,West Ham,Bournemouth,2,0,H,1.55,4.0,6.0,1.59,4.12,6.53,1.55,4.0,6.0,1.5633333333333335,4.04,6.176666666666667,0.6396588486140724,0.24752475247524752,0.16189962223421478,0.6097312724033555,0.2359438669613645,0.15432486063527995
29/10/2022,Leicester,Man City,0,1,A,10.0,6.5,1.25,9.62,5.93,1.32,9.5,5.5,1.29,9.706666666666665,5.976666666666667,1.2866666666666668,0.10302197802197803,0.16731734523145567,0.77720207253886,0.09834645049426306,0.1597238504402086,0.7419296990655284
29/10/2022,Bournemouth,Tottenham,2,3,A,5.0,3.8,1.7,5.41,3.85,1.72,5.0,3.8,1.67,5.136666666666667,3.8166666666666664,1.6966666666666665,0.1946787800129786,0.26200873362445415,0.5893909626719057,0.18610341807224953,0.25046756965007555,0.563429012277675
29/10/2022,Brentford,Wolves,1,1,D,2.2,3.4,3.3,2.24,3.5,3.44,2.15,3.3,3.4,2.1966666666666668,3.4,3.3800000000000003,0.4552352048558422,0.29411764705882354,0.29585798816568043,0.4355438992776308,0.2813955192391752,0.28306058148319396
29/10/2022,Brighton,Chelsea,4,1,H,3.0,3.3,2.4,3.17,3.43,2.41,3.0,3.25,2.38,3.0566666666666666,3.3266666666666667,2.396666666666667,0.3271537622682661,0.30060120240480964,0.4172461752433936,0.31306545971272015,0.2876563392350345,0.3992782010522453
29/10/2022,Crystal Palace,Southampton,1,0,H,1.9,3.6,4.0,1.96,3.62,4.22,1.95,3.5,3.9,1.9366666666666665,3.5733333333333337,4.04,0.5163511187607573,0.2798507462686567,0.24752475247524752,0.49471874157549806,0.26812648214119805,0.23715477628330392
29/10/2022,Newcastle,Aston Villa,4,0,H,1.8,3.75,4.5,1.83,3.82,4.6,1.8,3.6,4.33,1.8099999999999998,3.723333333333333,4.476666666666667,0.5524861878453039,0.26857654431512984,0.22338049143708116,0.528976755617507,0.2571480557746699,0.213875188607823
29/10/2022,Fulham,Everton,0,0,D,2.37,3.4,3.0,2.39,3.46,3.18,2.3,3.4,3.0,2.353333333333333,3.42,3.06,0.424929178470255,0.29239766081871343,0.32679738562091504,0.4069718605627888,0.28004106584534977,0.3129870735918615
29/10/2022,Liverpool,Leeds,1,2,A,1.3,6.0,9.0,1.32,5.98,9.43,1.3,5.5,9.0,1.3066666666666666,5.826666666666667,9.143333333333333,0.7653061224489796,0.17162471395881004,0.1093693036820999,0.7314403325829917,0.164030097467124,0.10452956994988435
30/10/2022,Arsenal,Nott'm Forest,5,0,H,1.2,7.0,12.0,1.2,7.4,16.85,1.2,6.5,15.0,1.2,6.966666666666666,14.616666666666667,0.8333333333333334,0.14354066985645936,0.06841505131128849,0.7972276469795097,0.13732150857063327,0.06545084444985712
30/10/2022,Man United,West Ham,1,0,H,1.66,4.0,4.8,1.71,4.05,5.14,1.7,3.9,4.75,1.6900000000000002,3.983333333333334,4.8966666666666665,0.5917159763313609,0.2510460251046025,0.2042205582028591,0.5651631642608117,0.2397805224102356,0.19505631332895274
05/11/2022,Leeds,Bournemouth,4,3,H,1.72,3.8,4.75,1.74,3.99,5.08,1.75,3.75,4.5,1.7366666666666666,3.8466666666666662,4.776666666666666,0.5758157389635317,0.25996533795493937,0.20935101186322402,0.5509502053800271,0.24873921750692737,0.20031057711304548
05/11/2022,Man City,Fulham,2,1,H,1.11,9.5,19.0,1.13,10.33,22.62,1.12,8.5,19.0,1.12,9.443333333333333,20.206666666666667,0.8928571428571428,0.10589481115425343,0.04948861761794787,0.851767396743021,0.10102147734050657,0.04721112591647231
05/11/2022,Nott'm Forest,Brentford,2,2,D,2.75,3.3,2.6,2.83,3.43,2.66,2.8,3.3,2.5,2.793333333333333,3.3433333333333337,2.5866666666666664,0.3579952267303103,0.2991026919242273,0.3865979381443299,0.3430072318465668,0.2865803193294346,0.37041244882399865
05/11/2022,Wolves,Brighton,2,3,A,3.3,3.3,2.25,3.49,3.33,2.3,3.4,3.3,2.15,3.3966666666666665,3.31,2.233333333333333,0.29440628066732094,0.3021148036253776,0.4477611940298508,0.2819221265922767,0.28930377341140984,0.42877409999631344
05/11/2022,Everton,Leicester,0,2,A,2.4,3.3,3.0,2.48,3.36,3.12,2.35,3.3,3.0,2.41,3.3200000000000003,3.0400000000000005,0.41493775933609955,0.3012048192771084,0.3289473684210526,0.39703545184182787,0.288209469559881,0.31475507859829116
06/11/2022,Chelsea,Arsenal,0,1,A,2.55,3.4,2.7,2.72,3.5,2.71,2.6,3.25,2.7,2.623333333333333,3.3833333333333333,2.703333333333333,0.38119440914866587,0.2955665024630542,0.36991368680641185,0.36419572016439056,0.28238623819642894,0.35341804163918045
06/11/2022,Aston Villa,Man United,3,1,H,3.3,3.8,2.1,3.38,3.63,2.22,3.4,3.5,2.1,3.36,3.643333333333333,2.14,0.2976190476190476,0.2744739249771272,0.4672897196261682,0.2863421238838384,0.264073980672378,0.44958389544378363
06/11/2022,Southampton,Newcastle,1,4,A,4.0,3.6,1.9,4.22,3.71,1.93,3.9,3.6,1.91,4.04,3.6366666666666667,1.9133333333333333,0.24752475247524752,0.27497708524289644,0.5226480836236934,0.23683181467158104,0.26309822124835586,0.5000699640800631
06/11/2022,West Ham,Crystal Palace,1,2,A,1.9,3.4,4.2,1.95,3.56,4.34,1.88,3.4,4.2,1.91,3.453333333333333,4.246666666666666,0.5235602094240838,0.2895752895752896,0.23547880690737835,0.49928768516213773,0.27615042818330593,0.22456188665455645
06/11/2022,Tottenham,Liverpool,1,2,A,3.3,3.6,2.1,3.33,3.76,2.19,3.25,3.5,2.15,3.293333333333333,3.6199999999999997,2.1466666666666665,0.3036437246963563,0.27624309392265195,0.46583850931677023,0.2903666159599838,0.26416410365420256,0.4454692803858136
12/11/2022,Man City,Brentford,1,2,A,1.14,8.0,17.0,1.15,9.28,20.24,1.12,8.5,19.0,1.1366666666666667,8.593333333333334,18.746666666666666,0.8797653958944281,0.11636927851047323,0.05334281650071124,0.8382889614290471,0.11088306278018038,0.05082797579077259
12/11/2022,Bournemouth,Everton,3,0,H,2.8,3.25,2.6,2.94,3.32,2.63,2.8,3.1,2.6,2.8466666666666662,3.223333333333333,2.61,0.35128805620608905,0.31023784901758017,0.3831417624521073,0.33626775966719685,0.2969727681031914,0.3667594722296118
12/11/2022,Liverpool,Southampton,3,1,H,1.25,6.5,11.0,1.26,6.49,11.55,1.24,6.0,12.0,1.25,6.330000000000001,11.516666666666666,0.8,0.15797788309636648,0.08683068017366137,0.7656905084087086,0.15120270703173547,0.08310678455955593
12/11/2022,Nott'm Forest,Crystal Palace,1,0,H,3.1,3.1,2.45,3.25,3.31,2.43,3.1,3.2,2.38,3.15,3.203333333333333,2.4200000000000004,0.31746031746031744,0.3121748178980229,0.4132231404958677,0.3044136723183069,0.299345390573153,0.39624093710853997
12/11/2022,Tottenham,Leeds,4,3,H,1.65,4.2,4.75,1.67,4.35,5.15,1.6,4.2,5.0,1.64,4.25,4.966666666666667,0.6097560975609756,0.23529411764705882,0.20134228187919462,0.5827221613862025,0.22486219874667576,0.19241563986712187
12/11/2022,West Ham,Leicester,0,2,A,2.05,3.4,3.75,2.14,3.56,3.64,2.05,3.5,3.5,2.0799999999999996,3.486666666666667,3.6300000000000003,0.48076923076923084,0.28680688336520077,0.2754820936639118,0.4609227243262141,0.27496728487529404,0.26410999079849173
12/11/2022,Newcastle,Chelsea,1,0,H,2.35,3.4,3.0,2.36,3.53,3.18,2.25,3.4,3.1,2.32,3.4433333333333334,3.0933333333333333,0.4310344827586207,0.2904162633107454,0.3232758620689655,0.41258112830753874,0.2779830254618073,0.30943584623065407
12/11/2022,Wolves,Arsenal,0,2,A,6.0,4.2,1.55,6.5,4.3,1.56,6.0,4.2,1.53,6.166666666666667,4.233333333333333,1.5466666666666669,0.16216216216216214,0.23622047244094488,0.6465517241379309,0.15518885067339447,0.22606249901242503,0.6187486503141805
13/11/2022,Brighton,Aston Villa,1,2,A,1.83,3.75,4.2,1.88,3.84,4.33,1.85,3.5,4.2,1.8533333333333335,3.6966666666666668,4.243333333333333,0.539568345323741,0.27051397655545534,0.2356637863315004,0.5159649565867941,0.2586803569542448,0.22535468645896115
13/11/2022,Fulham,Man United,1,2,A,3.8,3.8,1.9,4.0,4.02,1.91,3.9,3.75,1.85,3.9,3.856666666666667,1.8866666666666667,0.25641025641025644,0.25929127052722556,0.5300353356890459,0.2451957711103756,0.24795077977453706,0.5068534491150873
26/12/2022,Brentford,Tottenham,2,2,D,4.0,3.6,1.91,4.0,3.89,1.93,3.75,3.6,1.95,3.9166666666666665,3.6966666666666668,1.93,0.25531914893617025,0.27051397655545534,0.5181347150259068,0.2445661054171931,0.2591209863527519,0.4963129082300551
26/12/2022,Crystal Palace,Fulham,0,3,A,2.05,3.6,3.5,2.09,3.66,3.68,2.05,3.5,3.5,2.063333333333333,3.5866666666666664,3.56,0.4846526655896608,0.2788104089219331,0.2808988764044944,0.46406580129095615,0.2669672221181244,0.26896697659091934
26/12/2022,Everton,Wolves,1,2,A,2.3,3.25,3.2,2.41,3.26,3.34,2.3,3.2,3.2,2.3366666666666664,3.236666666666667,3.2466666666666666,0.427960057061341,0.3089598352214212,0.3080082135523614,0.40955933204544087,0.29567568667750155,0.2947649812770575
26/12/2022,Leicester,Newcastle,0,3,A,3.25,3.5,2.2,3.36,3.64,2.22,3.25,3.5,2.15,3.2866666666666666,3.546666666666667,2.19,0.30425963488843816,0.2819548872180451,0.4566210045662101,0.2917618618721394,0.27037330432888107,0.43786483379897945
26/12/2022,Southampton,Brighton,1,3,A,3.3,3.5,2.15,3.5,3.6,2.18,3.4,3.4,2.1,3.4,3.5,2.143333333333333,0.29411764705882354,0.2857142857142857,0.46656298600311047,0.28107709793048324,0.273046323703898,0.4458765783656189
26/12/2022,Aston Villa,Liverpool,1,3,A,4.75,4.0,1.7,4.51,4.09,1.79,4.6,4.0,1.7,4.62,4.03,1.7300000000000002,0.21645021645021645,0.24813895781637715,0.5780346820809248,0.20760144239215556,0.2379947056704116,0.5544038519374327
26/12/2022,Arsenal,West Ham,3,1,H,1.5,4.33,6.5,1.52,4.48,6.85,1.47,4.33,6.5,1.4966666666666668,4.38,6.616666666666667,0.6681514476614698,0.22831050228310504,0.15113350125944583,0.6377952929191809,0.21793766097466688,0.14426704610615226
27/12/2022,Chelsea,Bournemouth,2,0,H,1.3,5.5,10.0,1.32,5.72,10.69,1.32,5.0,9.5,1.3133333333333335,5.406666666666666,10.063333333333333,0.7614213197969543,0.18495684340320592,0.09937065253395165,0.728111099281943,0.17686545814863475,0.09502344256942219
27/12/2022,Man United,Nott'm Forest,3,0,H,1.29,5.5,11.0,1.31,5.7,11.66,1.32,5.25,9.5,1.3066666666666666,5.483333333333333,10.719999999999999,0.7653061224489796,0.182370820668693,0.09328358208955224,0.735192261297929,0.17519475162844267,0.08961298707362818
28/12/2022,Leeds,Man City,1,3,A,9.5,6.0,1.29,9.78,6.09,1.31,9.5,5.5,1.29,9.593333333333334,5.863333333333333,1.2966666666666666,0.10423905489923557,0.17055144968732233,0.7712082262210798,0.09965504912109252,0.16305129697015594,0.7372936539087515
30/12/2022,West Ham,Brentford,0,2,A,2.0,3.6,3.6,2.08,3.66,3.73,2.0,3.5,3.6,2.026666666666667,3.5866666666666664,3.643333333333333,0.4934210526315789,0.2788104089219331,0.2744739249771272,0.47140394898229127,0.2663695176405512,0.26222653337715746
30/12/2022,Liverpool,Leicester,2,1,H,1.29,6.0,9.5,1.31,6.08,9.55,1.27,5.8,10.0,1.29,5.96,9.683333333333334,0.7751937984496123,0.16778523489932887,0.10327022375215146,0.7409264983351,0.16036831927051665,0.09870518239438338
31/12/2022,Wolves,Man United,0,1,A,4.0,3.6,1.91,4.16,3.71,1.94,3.9,3.5,1.95,4.0200000000000005,3.6033333333333335,1.9333333333333333,0.24875621890547261,0.27752081406105455,0.5172413793103449,0.23838220387765546,0.2659472135767368,0.4956705825456078
31/12/2022,Bournemouth,Crystal Palace,0,2,A,2.8,3.3,2.5,2.97,3.32,2.6,2.9,3.2,2.5,2.89,3.2733333333333334,2.533333333333333,0.3460207612456747,0.30549898167006106,0.39473684210526316,0.33072266038710757,0.2919924099344422,0.37728492967845034
31/12/2022,Fulham,Southampton,2,1,H,1.95,3.6,3.75,2.04,3.59,3.95,2.0,3.5,3.6,1.9966666666666668,3.563333333333333,3.766666666666667,0.5008347245409015,0.28063610851262866,0.2654867256637168,0.47837156374756395,0.2680491736995237,0.2535792625529122
31/12/2022,Man City,Everton,1,1,D,1.13,9.0,19.0,1.16,7.97,23.85,1.11,8.5,23.0,1.1333333333333335,8.49,21.95,0.8823529411764705,0.11778563015312131,0.04555808656036447,0.8437943590227337,0.11263843033676069,0.04356721064050562
31/12/2022,Newcastle,Leeds,0,0,D,1.45,4.5,7.0,1.49,4.8,6.8,1.44,4.5,7.0,1.46,4.6000000000000005,6.933333333333334,0.684931506849315,0.21739130434782605,0.14423076923076922,0.6544638704205314,0.20772114148129908,0.13781498809816958
31/12/2022,Brighton,Arsenal,2,4,A,3.4,3.5,2.1,3.6,3.62,2.13,3.4,3.5,2.1,3.466666666666667,3.5400000000000005,2.11,0.28846153846153844,0.28248587570621464,0.47393364928909953,0.2760711707294236,0.2703521822585692,0.45357664701200723
01/01/2023,Tottenham,Aston Villa,0,2,A,1.67,4.0,5.0,1.7,4.21,5.01,1.65,3.9,5.0,1.6733333333333331,4.036666666666667,5.003333333333333,0.5976095617529881,0.24772914946325347,0.19986675549633579,0.5717627593669347,0.2370147854683742,0.19122245516469102
01/01/2023,Nott'm Forest,Chelsea,1,1,D,5.0,3.8,1.7,5.43,3.98,1.7,5.0,3.7,1.7,5.1433333333333335,3.8266666666666667,1.7,0.19442644199611148,0.2613240418118467,0.5882352941176471,0.18623476115013357,0.25031379482112903,0.5634514440287375
02/01/2023,Brentford,Liverpool,3,1,H,5.5,4.33,1.55,5.76,4.56,1.58,5.5,4.33,1.53,5.586666666666666,4.406666666666667,1.5533333333333335,0.17899761336515516,0.226928895612708,0.6437768240343347,0.1705220968018734,0.216183838305552,0.6132940648925745
03/01/2023,Arsenal,Newcastle,0,0,D,1.8,3.8,4.33,1.83,3.95,4.45,1.78,3.7,4.4,1.8033333333333335,3.8166666666666664,4.3933333333333335,0.55452865064695,0.26200873362445415,0.2276176024279211,0.5310788701971042,0.250928968363872,0.21799216143902383
03/01/2023,Everton,Brighton,1,4,A,3.5,3.5,2.1,3.67,3.51,2.15,3.5,3.4,2.1,3.5566666666666666,3.47,2.1166666666666667,0.28116213683223995,0.2881844380403458,0.47244094488188976,0.26988433965738345,0.27662496677658804,0.45349069356602856
03/01/2023,Leicester,Fulham,0,1,A,2.2,3.6,3.1,2.26,3.73,3.2,2.2,3.5,3.1,2.22,3.61,3.1333333333333333,0.4504504504504504,0.2770083102493075,0.3191489361702128,0.4303909208747333,0.2646725330587003,0.3049365460665664
03/01/2023,Man United,Bournemouth,3,0,H,1.29,5.5,11.0,1.29,6.02,10.83,1.29,5.5,10.0,1.29,5.673333333333333,10.61,0.7751937984496123,0.17626321974148063,0.09425070688030161,0.7413101958261681,0.1685587813071252,0.0901310228667066
04/01/2023,Southampton,Nott'm Forest,0,1,A,2.0,3.5,3.8,2.1,3.52,3.82,2.05,3.3,3.75,2.05,3.44,3.7899999999999996,0.48780487804878053,0.29069767441860467,0.2638522427440633,0.4679835314134341,0.2788855347085872,0.2531309338779788
04/01/2023,Leeds,West Ham,2,2,D,2.6,3.5,2.6,2.65,3.59,2.73,2.6,3.5,2.55,2.6166666666666667,3.53,2.6266666666666665,0.38216560509554137,0.28328611898017,0.3807106598984772,0.36530237652376757,0.2707859920407531,0.36391163143547917
04/01/2023,Aston Villa,Wolves,1,1,D,1.95,3.6,4.0,1.99,3.76,3.93,1.95,3.4,3.9,1.9633333333333332,3.5866666666666664,3.9433333333333334,0.5093378607809848,0.2788104089219331,0.25359256128486896,0.48892953566774044,0.2676389372753709,0.2434315270568885
04/01/2023,Crystal Palace,Tottenham,0,4,A,3.4,3.5,2.15,3.39,3.58,2.23,3.4,3.4,2.1,3.3966666666666665,3.4933333333333336,2.16,0.29440628066732094,0.2862595419847328,0.4629629629629629,0.2820986587619137,0.27429249358624996,0.4436088476518364
05/01/2023,Chelsea,Man City,0,1,A,5.0,4.0,1.67,5.6,4.19,1.65,5.0,3.9,1.65,5.2,4.03,1.6566666666666665,0.1923076923076923,0.24813895781637715,0.6036217303822938,0.18419070618193117,0.23766542733152413,0.5781438664865447
12/01/2023,Fulham,Chelsea,2,1,H,3.3,3.5,2.15,3.43,3.6,2.21,3.2,3.4,2.2,3.31,3.5,2.1866666666666665,0.3021148036253776,0.2857142857142857,0.4573170731707317,0.289064644221351,0.2733725635350491,0.43756279224359995
13/01/2023,Aston Villa,Leeds,2,1,H,1.91,3.6,4.0,1.96,3.7,4.11,1.95,3.5,3.9,1.9400000000000002,3.6,4.003333333333333,0.5154639175257731,0.2777777777777778,0.24979184013322234,0.4941968786362379,0.26631720682063936,0.23948591454312282
14/01/2023,Man United,Man City,2,1,H,4.2,3.6,1.85,4.26,3.98,1.86,4.2,3.8,1.8,4.22,3.793333333333333,1.8366666666666667,0.23696682464454977,0.2636203866432338,0.5444646098003629,0.22675126712645804,0.25225580332345865,0.5209929295500833
14/01/2023,Brighton,Liverpool,3,0,H,3.4,3.6,2.1,3.39,3.74,2.17,3.25,3.6,2.1,3.3466666666666662,3.6466666666666665,2.123333333333333,0.29880478087649404,0.27422303473491777,0.4709576138147567,0.28621547049821705,0.2626694080257861,0.4511151214759968
14/01/2023,Everton,Southampton,1,2,A,2.25,3.25,3.3,2.28,3.48,3.36,2.25,3.3,3.2,2.26,3.3433333333333337,3.2866666666666666,0.4424778761061947,0.2991026919242273,0.30425963488843816,0.42308363636363644,0.2859927272727273,0.29092363636363644
14/01/2023,Nott'm Forest,Leicester,2,0,H,2.7,3.3,2.63,2.74,3.46,2.72,2.62,3.3,2.62,2.686666666666667,3.353333333333333,2.6566666666666667,0.3722084367245657,0.29821073558648115,0.37641154328732745,0.3555574279379157,0.28487006651884705,0.3595725055432373
14/01/2023,Wolves,West Ham,1,0,H,2.63,3.3,2.7,2.75,3.29,2.82,2.62,3.2,2.7,2.6666666666666665,3.263333333333333,2.7399999999999998,0.375,0.30643513789581206,0.3649635036496351,0.3583720248777798,0.2928474156304636,0.34878055949175657
14/01/2023,Brentford,Bournemouth,2,0,H,1.65,4.0,5.25,1.69,4.14,5.23,1.63,3.9,5.25,1.6566666666666665,4.013333333333334,5.243333333333333,0.6036217303822938,0.24916943521594684,0.19071837253655435,0.5784534863583789,0.23878021820607495,0.18276629543554626
15/01/2023,Chelsea,Crystal Palace,1,0,H,1.62,4.0,5.25,1.68,3.96,5.64,1.63,3.75,5.5,1.6433333333333333,3.9033333333333338,5.463333333333334,0.6085192697768763,0.2561912894961571,0.1830384380719951,0.5807872604210073,0.24451590041635912,0.17469683916263365
15/01/2023,Newcastle,Fulham,1,0,H,1.5,4.33,6.5,1.53,4.55,6.52,1.5,4.2,6.5,1.51,4.359999999999999,6.506666666666667,0.6622516556291391,0.22935779816513766,0.15368852459016394,0.6335529861568101,0.21941858006806955,0.14702843377512037
15/01/2023,Tottenham,Arsenal,0,2,A,3.1,3.6,2.2,3.34,3.71,2.21,3.25,3.5,2.15,3.23,3.6033333333333335,2.186666666666667,0.30959752321981426,0.27752081406105455,0.45731707317073167,0.2964257244839566,0.2657137160267844,0.437860559489259
18/01/2023,Crystal Palace,Man United,1,1,D,4.5,3.6,1.8,4.62,3.87,1.82,4.5,3.6,1.78,4.54,3.69,1.8,0.22026431718061673,0.2710027100271003,0.5555555555555556,0.2104122711980384,0.2588812225580202,0.5307065062439413
19/01/2023,Man City,Tottenham,4,2,H,1.36,5.0,8.5,1.39,5.58,7.8,1.35,5.0,8.5,1.3666666666666665,5.193333333333333,8.266666666666667,0.7317073170731708,0.1925545571245186,0.12096774193548386,0.7000445699004606,0.18422225523696328,0.11573317486257612
21/01/2023,Liverpool,Chelsea,0,0,D,1.85,3.75,4.0,1.89,3.88,4.2,1.85,3.7,4.0,1.8633333333333333,3.776666666666667,4.066666666666666,0.5366726296958855,0.26478375992939096,0.24590163934426232,0.5124060873662276,0.2528111234225254,0.23478278921124696
21/01/2023,Bournemouth,Nott'm Forest,1,1,D,2.75,3.1,2.75,2.86,3.15,2.82,2.7,3.1,2.7,2.7699999999999996,3.1166666666666667,2.7566666666666664,0.3610108303249098,0.32085561497326204,0.36275695284159615,0.3455894545036866,0.30714955795996096,0.3472609875363525
21/01/2023,Leicester,Brighton,2,2,D,3.6,3.5,2.05,3.61,3.71,2.1,3.5,3.5,2.05,3.5700000000000003,3.5700000000000003,2.066666666666667,0.2801120448179272,0.2801120448179272,0.48387096774193544,0.2682821289485071,0.2682821289485071,0.46343574210298566
21/01/2023,Southampton,Aston Villa,0,1,A,2.88,3.25,2.55,2.96,3.4,2.57,2.8,3.3,2.5,2.8800000000000003,3.3166666666666664,2.5399999999999996,0.34722222222222215,0.30150753768844224,0.3937007874015749,0.33308907065078425,0.2892351327058067,0.37767579664340906
21/01/2023,West Ham,Everton,2,0,H,1.8,3.75,4.75,1.82,3.65,5.0,1.78,3.5,4.75,1.8,3.6333333333333333,4.833333333333333,0.5555555555555556,0.27522935779816515,0.20689655172413796,0.5353815927644727,0.26523491751634426,0.19938348971918296
21/01/2023,Crystal Palace,Newcastle,0,0,D,4.4,3.5,1.85,4.52,3.57,1.92,4.33,3.5,1.83,4.416666666666667,3.5233333333333334,1.8666666666666665,0.22641509433962262,0.28382213812677387,0.5357142857142858,0.21646805841770445,0.27135305336183385,0.5121788882204615
22/01/2023,Leeds,Brentford,0,0,D,2.38,3.6,2.88,2.39,3.72,2.99,2.35,3.5,2.88,2.373333333333333,3.606666666666667,2.9166666666666665,0.4213483146067416,0.277264325323475,0.34285714285714286,0.40457084936161775,0.26622407092927153,0.32920507970911067
22/01/2023,Man City,Wolves,3,0,H,1.2,8.0,11.0,1.2,7.65,14.95,1.18,7.0,15.0,1.1933333333333334,7.55,13.65,0.8379888268156425,0.13245033112582782,0.07326007326007326,0.802902600446414,0.12690469358049283,0.0701927059730931
22/01/2023,Arsenal,Man United,3,2,H,1.8,3.8,4.2,1.88,3.92,4.19,1.88,3.6,4.0,1.8533333333333333,3.7733333333333334,4.13,0.539568345323741,0.26501766784452296,0.24213075060532688,0.51548648497661,0.25318947495317595,0.23132404007021404
23/01/2023,Fulham,Tottenham,0,1,A,3.3,3.6,2.1,3.33,3.88,2.15,3.25,3.6,2.1,3.293333333333333,3.6933333333333334,2.1166666666666667,0.3036437246963563,0.27075812274368233,0.47244094488188976,0.29005666077412207,0.2586425819899211,0.4513007572359568
03/02/2023,Chelsea,Fulham,0,0,D,1.62,4.0,5.25,1.65,4.11,5.79,1.62,3.8,5.5,1.6300000000000001,3.97,5.513333333333333,0.6134969325153374,0.2518891687657431,0.18137847642079807,0.5860887400892382,0.24063593106938494,0.17327532884137695
04/02/2023,Everton,Arsenal,1,0,H,8.5,4.5,1.4,8.93,4.84,1.41,8.0,4.5,1.4,8.476666666666667,4.613333333333333,1.403333333333333,0.11797090051120723,0.21676300578034682,0.7125890736342044,0.11264042016873325,0.20696863330136464,0.680390946529902
04/02/2023,Aston Villa,Leicester,2,4,A,1.95,3.6,3.8,2.02,3.63,3.95,1.95,3.6,3.75,1.9733333333333334,3.61,3.8333333333333335,0.5067567567567568,0.2770083102493075,0.2608695652173913,0.4851043045338722,0.26517243608869095,0.24972325937743678
04/02/2023,Brentford,Southampton,3,0,H,1.85,3.6,4.2,1.92,3.68,4.36,1.85,3.5,4.2,1.8733333333333333,3.5933333333333337,4.253333333333334,0.5338078291814947,0.27829313543599254,0.23510971786833854,0.5097425361574459,0.2657470364754031,0.2245104273671509
04/02/2023,Brighton,Bournemouth,1,0,H,1.33,5.25,8.5,1.35,5.42,9.88,1.33,4.8,9.5,1.3366666666666667,5.156666666666666,9.293333333333335,0.7481296758104738,0.19392372333548805,0.10760401721664274,0.7127369979464158,0.18474953857563847,0.10251346347794572
04/02/2023,Man United,Crystal Palace,2,1,H,1.4,4.75,8.0,1.41,4.91,8.97,1.4,4.5,8.0,1.403333333333333,4.72,8.323333333333332,0.7125890736342044,0.21186440677966104,0.12014417300760914,0.6821660677679973,0.20281914867960932,0.11501478355239358
04/02/2023,Wolves,Liverpool,3,0,H,4.0,3.8,1.85,4.14,3.93,1.89,4.0,3.7,1.85,4.046666666666667,3.81,1.8633333333333333,0.2471169686985173,0.26246719160104987,0.5366726296958855,0.2361915077268854,0.25086307119898416,0.5129454210741303
04/02/2023,Newcastle,West Ham,1,1,D,1.6,3.8,6.0,1.63,3.97,6.3,1.6,3.75,6.0,1.61,3.84,6.1000000000000005,0.6211180124223602,0.2604166666666667,0.16393442622950818,0.5941046074557288,0.24909073385513633,0.15680465868913498
05/02/2023,Nott'm Forest,Leeds,1,0,H,2.63,3.3,2.7,2.69,3.46,2.76,2.6,3.4,2.62,2.64,3.3866666666666667,2.6933333333333334,0.3787878787878788,0.2952755905511811,0.3712871287128713,0.362354868781604,0.2824656063730614,0.35517952484533466
05/02/2023,Tottenham,Man City,1,0,H,4.33,4.2,1.73,4.44,4.23,1.78,4.4,4.0,1.73,4.39,4.1433333333333335,1.7466666666666668,0.22779043280182235,0.2413515687851971,0.5725190839694656,0.21867998714776815,0.23169874744457813,0.5496212654076538
08/02/2023,Man United,Leeds,2,2,D,1.45,5.0,6.0,1.48,4.98,6.69,1.47,4.5,6.5,1.4666666666666666,4.826666666666667,6.396666666666667,0.6818181818181819,0.20718232044198892,0.1563314226159458,0.6522504150047698,0.19819763991857642,0.1495519450766538
11/02/2023,West Ham,Chelsea,1,1,D,3.3,3.3,2.25,3.43,3.37,2.3,3.3,3.2,2.25,3.3433333333333337,3.2900000000000005,2.2666666666666666,0.2991026919242273,0.30395136778115495,0.4411764705882353,0.2864335826688819,0.2910768828945173,0.42248953443660087
11/02/2023,Arsenal,Brentford,1,1,D,1.44,4.75,7.0,1.47,4.77,7.32,1.42,4.5,7.5,1.4433333333333334,4.673333333333333,7.273333333333333,0.6928406466512702,0.2139800285306705,0.13748854262144822,0.6634439635691414,0.20490102441186753,0.13165501201899094
11/02/2023,Crystal Palace,Brighton,1,1,D,3.8,3.5,2.0,3.9,3.56,2.06,3.7,3.4,2.0,3.7999999999999994,3.486666666666667,2.02,0.26315789473684215,0.28680688336520077,0.49504950495049505,0.251822294684954,0.2744525965017663,0.4737251088132797
11/02/2023,Fulham,Nott'm Forest,2,0,H,1.91,3.5,4.33,1.94,3.57,4.37,1.91,3.5,4.0,1.92,3.5233333333333334,4.233333333333333,0.5208333333333334,0.28382213812677387,0.23622047244094488,0.5003798352581054,0.27267623945947833,0.22694392528241625
11/02/2023,Leicester,Tottenham,4,1,H,3.4,3.6,2.1,3.46,3.7,2.16,3.3,3.6,2.1,3.3866666666666667,3.6333333333333333,2.1199999999999997,0.2952755905511811,0.27522935779816515,0.47169811320754723,0.28331867506710645,0.26408419620933965,0.4525971287235538
11/02/2023,Southampton,Wolves,1,2,A,2.9,3.2,2.55,3.16,3.18,2.55,3.0,3.1,2.5,3.02,3.16,2.533333333333333,0.33112582781456956,0.3164556962025316,0.39473684210526316,0.3176820428161741,0.30360752193191315,0.3787104352519128
11/02/2023,Bournemouth,Newcastle,1,1,D,6.5,4.0,1.53,6.53,4.08,1.6,6.5,3.9,1.55,6.510000000000001,3.9933333333333336,1.5599999999999998,0.15360983102918585,0.25041736227045075,0.6410256410256411,0.14698762204531188,0.2396217244194442,0.6133906535352439
12/02/2023,Leeds,Man United,0,2,A,3.75,3.8,1.91,3.98,3.87,1.94,3.7,3.7,1.91,3.81,3.7900000000000005,1.92,0.26246719160104987,0.26385224274406327,0.5208333333333334,0.25064842466390413,0.2519711076436609,0.4973804676924348
12/02/2023,Man City,Aston Villa,3,1,H,1.25,6.5,11.0,1.26,6.66,11.78,1.24,6.0,12.0,1.25,6.386666666666667,11.593333333333334,0.8,0.15657620041753653,0.08625646923519263,0.7671412905259343,0.15014508556744538,0.08271362390662028
13/02/2023,Liverpool,Everton,2,0,H,1.5,4.33,6.5,1.55,4.48,6.39,1.52,4.2,6.0,1.5233333333333334,4.336666666666667,6.296666666666667,0.6564551422319475,0.23059185242121444,0.15881418740074113,0.6276694780303207,0.2204803623826722,0.15185015958700718
15/02/2023,Arsenal,Man City,1,3,A,2.9,3.5,2.35,2.95,3.6,2.46,2.88,3.4,2.4,2.91,3.5,2.4033333333333338,0.3436426116838488,0.2857142857142857,0.41608876560332864,0.32870442132521227,0.2732942474446765,0.39800133123011133
18/02/2023,Aston Villa,Arsenal,2,4,A,4.5,3.6,1.5,4.54,3.8,1.85,4.33,3.6,1.8,4.456666666666666,3.6666666666666665,1.7166666666666668,0.22438294689603594,0.27272727272727276,0.5825242718446602,0.20783232535572713,0.2526107445460065,0.5395569300982662
18/02/2023,Brentford,Crystal Palace,1,1,D,1.83,3.5,4.5,1.85,3.62,4.84,1.85,3.4,4.4,1.8433333333333335,3.5066666666666664,4.58,0.5424954792043399,0.285171102661597,0.2183406113537118,0.5186345588451632,0.2726282424347674,0.20873719872006932
18/02/2023,Brighton,Fulham,0,1,A,1.65,3.8,5.5,1.66,4.16,5.46,1.67,3.8,5.0,1.66,3.92,5.32,0.6024096385542169,0.25510204081632654,0.18796992481203006,0.5762030017019959,0.24400433235339622,0.17979266594460774
18/02/2023,Chelsea,Southampton,0,1,A,1.4,4.75,8.5,1.4,4.78,9.69,1.38,4.5,9.0,1.3933333333333333,4.676666666666667,9.063333333333333,0.7177033492822966,0.21382751247327156,0.11033468186833395,0.6888636961597961,0.20523522807896993,0.10590107576123385
18/02/2023,Everton,Leeds,1,0,H,2.4,3.3,3.0,2.53,3.36,3.03,2.45,3.25,2.9,2.46,3.3033333333333332,2.9766666666666666,0.4065040650406504,0.3027245206861756,0.335946248600224,0.38893403446934655,0.28964007814165266,0.32142588738900085
18/02/2023,Nott'm Forest,Man City,1,1,D,8.5,5.5,1.3,10.3,5.67,1.33,10.0,5.5,1.29,9.6,5.5566666666666675,1.3066666666666666,0.10416666666666667,0.17996400719856026,0.7653061224489796,0.09925959050846798,0.17148627514360393,0.729254134347928
18/02/2023,Wolves,Bournemouth,0,1,A,1.67,3.6,6.0,1.69,3.86,5.78,1.67,3.7,5.25,1.6766666666666665,3.72,5.676666666666667,0.5964214711729623,0.26881720430107525,0.17615971814445097,0.5727121098205367,0.258130995734525,0.1691568944449383
18/02/2023,Newcastle,Liverpool,0,2,A,2.5,3.5,2.7,2.57,3.58,2.82,2.5,3.4,2.7,2.5233333333333334,3.4933333333333336,2.7399999999999998,0.3963011889035667,0.2862595419847328,0.3649635036496351,0.37832173790077145,0.27327247670885874,0.34840578539036987
19/02/2023,Man United,Leicester,3,0,H,1.62,4.33,5.25,1.65,4.34,5.37,1.6,4.2,5.0,1.6233333333333333,4.29,5.206666666666667,0.6160164271047228,0.2331002331002331,0.19206145966709345,0.5916532583112919,0.2238812251729597,0.18446551651574847
19/02/2023,Tottenham,West Ham,2,0,H,1.75,3.6,4.75,1.87,3.76,4.47,1.83,3.6,4.2,1.8166666666666667,3.653333333333333,4.473333333333333,0.5504587155963303,0.27372262773722633,0.2235469448584203,0.5253830805181704,0.2612534478854041,0.21336347159642544
24/02/2023,Fulham,Wolves,1,1,D,2.5,3.2,3.0,2.59,3.26,3.04,2.5,3.2,2.9,2.53,3.22,2.98,0.3952569169960475,0.3105590062111801,0.33557046979865773,0.3795487627365357,0.298216885007278,0.3222343522561863
25/02/2023,Everton,Aston Villa,0,2,A,2.5,3.2,3.0,2.59,3.25,3.05,2.5,3.2,2.9,2.53,3.216666666666667,2.983333333333333,0.3952569169960475,0.31088082901554404,0.335195530726257,0.37956812273805,0.2985411452416372,0.3218907320203128
25/02/2023,Leeds,Southampton,1,0,H,1.95,3.5,4.0,2.02,3.62,3.97,1.95,3.5,3.8,1.9733333333333334,3.5400000000000005,3.9233333333333333,0.5067567567567568,0.28248587570621464,0.2548853016142736,0.48533971768948647,0.2705471872619359,0.24411309504857773
25/02/2023,Leicester,Arsenal,0,1,A,4.75,4.0,1.7,4.93,4.15,1.72,4.6,3.9,1.7,4.76,4.016666666666667,1.7066666666666668,0.21008403361344538,0.24896265560165975,0.5859375,0.20104039446878227,0.23824538033312953,0.5607142251980881
25/02/2023,West Ham,Nott'm Forest,4,0,H,1.75,3.6,5.0,1.81,3.63,5.16,1.78,3.5,4.8,1.78,3.5766666666666667,4.986666666666667,0.5617977528089888,0.27958993476234856,0.20053475935828874,0.5391934442573095,0.26834044662945317,0.19246610911323744
25/02/2023,Bournemouth,Man City,1,4,A,10.0,5.75,1.29,9.67,5.74,1.3,11.0,5.5,1.27,10.223333333333334,5.663333333333334,1.2866666666666666,0.097815454841865,0.17657445556209533,0.7772020725388601,0.09301654674861062,0.16791156496644427,0.7390718882849451
25/02/2023,Crystal Palace,Liverpool,0,0,D,4.75,3.8,1.73,4.86,3.99,1.76,4.5,3.75,1.75,4.703333333333333,3.8466666666666662,1.7466666666666668,0.21261516654854715,0.25996533795493937,0.5725190839694656,0.203440101683716,0.2487469527519266,0.5478129455643573
26/02/2023,Tottenham,Chelsea,2,0,H,2.55,3.25,2.9,2.59,3.36,2.96,2.5,3.2,2.88,2.5466666666666664,3.2699999999999996,2.9133333333333327,0.39267015706806285,0.30581039755351686,0.3432494279176202,0.3769404391250559,0.29356013811574183,0.32949942275920224
01/03/2023,Arsenal,Everton,4,0,H,1.36,4.75,10.0,1.38,5.01,9.1,1.32,5.0,9.5,1.3533333333333335,4.92,9.533333333333333,0.7389162561576353,0.2032520325203252,0.1048951048951049,0.7057034566322778,0.19411626246118213,0.10018028090654016
01/03/2023,Liverpool,Wolves,2,0,H,1.5,4.75,6.0,1.5,4.63,6.68,1.47,4.33,7.0,1.49,4.569999999999999,6.56,0.6711409395973155,0.21881838074398252,0.1524390243902439,0.6438430596032464,0.20991819667589434,0.1462387437208593
04/03/2023,Man City,Newcastle,2,0,H,1.45,4.5,7.0,1.52,4.6,6.5,1.44,4.4,7.0,1.47,4.5,6.833333333333333,0.6802721088435374,0.2222222222222222,0.14634146341463417,0.648597342332841,0.21187513182872808,0.13952752583843073
04/03/2023,Arsenal,Bournemouth,3,2,H,1.22,7.0,12.0,1.22,6.83,13.69,1.2,6.5,13.0,1.2133333333333332,6.776666666666666,12.896666666666667,0.8241758241758242,0.14756517461878998,0.07753941586973379,0.7854676525526001,0.1406346411850204,0.07389770626237954
04/03/2023,Aston Villa,Crystal Palace,1,0,H,2.05,3.3,3.8,2.08,3.37,3.99,2.05,3.3,3.8,2.06,3.323333333333333,3.8633333333333333,0.4854368932038835,0.30090270812437314,0.25884383088869717,0.4644513855086817,0.2878946401648599,0.24765397432645841
04/03/2023,Brighton,West Ham,4,0,H,1.8,3.6,4.5,1.78,3.88,4.75,1.75,3.7,4.5,1.7766666666666666,3.7266666666666666,4.583333333333333,0.5628517823639775,0.26833631484794274,0.2181818181818182,0.536371182465992,0.25571184280355436,0.20791697473045367
04/03/2023,Chelsea,Leeds,1,0,H,1.62,4.0,5.5,1.65,4.05,5.62,1.63,3.9,5.25,1.6333333333333335,3.983333333333334,5.456666666666667,0.6122448979591836,0.2510460251046025,0.1832620647525962,0.5850108929855752,0.23987894356730702,0.17511016344711783
04/03/2023,Wolves,Tottenham,1,0,H,3.3,3.4,2.2,3.32,3.41,2.31,3.3,3.3,2.2,3.306666666666666,3.3699999999999997,2.236666666666667,0.30241935483870974,0.2967359050445104,0.4470938897168405,0.28905099225582415,0.2836187777623912,0.42733022998178455
04/03/2023,Southampton,Leicester,1,0,H,2.75,3.3,2.6,2.85,3.3,2.67,2.7,3.25,2.6,2.766666666666667,3.283333333333333,2.623333333333333,0.36144578313253006,0.30456852791878175,0.38119440914866587,0.34515161701815034,0.29083841840108104,0.36400996458076856
05/03/2023,Nott'm Forest,Everton,2,2,D,2.7,3.0,2.88,2.7,3.11,2.98,2.62,3.0,2.88,2.6733333333333333,3.0366666666666666,2.9133333333333327,0.3740648379052369,0.32930845225027444,0.3432494279176202,0.35740179478800455,0.31463912120744203,0.3279590840045534
05/03/2023,Liverpool,Man United,7,0,H,2.38,3.6,2.88,2.39,3.76,2.91,2.38,3.6,2.75,2.3833333333333333,3.653333333333333,2.8466666666666662,0.4195804195804196,0.27372262773722633,0.35128805620608905,0.401669531901088,0.2620380614135748,0.3362924066853372
06/03/2023,Brentford,Fulham,3,2,H,1.95,3.6,3.75,2.0,3.76,3.82,2.0,3.5,3.6,1.9833333333333334,3.6199999999999997,3.723333333333333,0.5042016806722689,0.27624309392265195,0.26857654431512984,0.480640070495557,0.2633341086048402,0.2560258208996029
11/03/2023,Bournemouth,Liverpool,1,0,H,7.5,5.0,1.4,7.07,5.07,1.44,7.0,4.6,1.42,7.19,4.89,1.42,0.13908205841446453,0.20449897750511248,0.7042253521126761,0.13273641008779893,0.1951686684113036,0.6720949215008976
11/03/2023,Everton,Brentford,1,0,H,2.7,3.25,2.7,2.75,3.23,2.82,2.62,3.2,2.7,2.69,3.2266666666666666,2.7399999999999998,0.3717472118959108,0.30991735537190085,0.3649635036496351,0.35518559288214674,0.2961103031569136,0.3487041039609397
11/03/2023,Leeds,Brighton,2,2,D,3.75,3.6,1.95,3.94,3.76,1.96,3.75,3.6,1.95,3.813333333333333,3.653333333333333,1.9533333333333334,0.26223776223776224,0.27372262773722633,0.5119453924914675,0.25024937033989175,0.26120919677813526,0.48854143288197294
11/03/2023,Leicester,Chelsea,1,3,A,3.75,3.5,1.95,3.9,3.61,2.02,3.7,3.5,2.0,3.7833333333333337,3.5366666666666666,1.99,0.2643171806167401,0.2827521206409048,0.5025125628140703,0.25183093350275343,0.2693950136905044,0.47877405280674223
11/03/2023,Tottenham,Nott'm Forest,3,1,H,1.44,4.75,7.0,1.45,4.69,7.8,1.42,4.4,7.5,1.4366666666666665,4.613333333333334,7.433333333333334,0.6960556844547564,0.21676300578034677,0.13452914798206278,0.6645888395966024,0.20696372100154303,0.12844743940185455
11/03/2023,Crystal Palace,Man City,0,1,A,9.0,4.75,1.36,9.18,5.2,1.37,9.0,5.0,1.33,9.06,4.983333333333333,1.3533333333333335,0.11037527593818984,0.20066889632107024,0.7389162561576353,0.1051232722214217,0.19112043738984896,0.7037562903887294
12/03/2023,Fulham,Arsenal,0,3,A,6.0,4.0,1.57,6.02,4.23,1.59,5.8,4.0,1.57,5.94,4.076666666666667,1.5766666666666669,0.16835016835016833,0.2452984464431725,0.6342494714587738,0.16065509667288852,0.23408616702460125,0.6052587363025103
12/03/2023,Man United,Southampton,0,0,D,1.36,5.0,9.0,1.34,5.33,10.01,1.33,5.0,9.0,1.3433333333333335,5.11,9.336666666666666,0.7444168734491314,0.19569471624266144,0.10710460549803642,0.710853094965926,0.18687136155986184,0.10227554347421215
12/03/2023,West Ham,Aston Villa,1,1,D,2.2,3.3,3.4,2.25,3.4,3.45,2.2,3.3,3.3,2.216666666666667,3.3333333333333335,3.383333333333333,0.45112781954887216,0.3,0.2955665024630542,0.43100245225533174,0.2866166307497956,0.28238091699487256
12/03/2023,Newcastle,Wolves,2,1,H,1.65,3.75,5.5,1.68,3.88,5.55,1.67,3.7,5.25,1.6666666666666667,3.776666666666667,5.433333333333334,0.6,0.26478375992939096,0.18404907975460122,0.5720644675664207,0.25245563440707,0.1754798980265094
15/03/2023,Brighton,Crystal Palace,1,0,H,1.44,4.2,8.0,1.47,4.51,7.72,1.44,4.2,7.5,1.45,4.303333333333334,7.739999999999999,0.6896551724137931,0.23237800154918667,0.12919896640826875,0.6560446032122244,0.22105298404129944,0.12290241274647616
15/03/2023,Southampton,Brentford,0,2,A,2.88,3.25,2.5,3.05,3.36,2.49,2.9,3.25,2.45,2.9433333333333334,3.2866666666666666,2.48,0.33975084937712347,0.30425963488843816,0.40322580645161293,0.32442616092348486,0.2905358013138308,0.3850380377626843
17/03/2023,Nott'm Forest,Newcastle,1,2,A,5.5,3.8,1.62,5.81,3.87,1.68,5.5,3.7,1.65,5.603333333333333,3.7900000000000005,1.6499999999999997,0.17846519928613921,0.26385224274406327,0.6060606060606062,0.17022981319681435,0.25167661915905437,0.5780935676441312
18/03/2023,Aston Villa,Bournemouth,3,0,H,1.7,3.8,5.0,1.74,3.88,5.11,1.7,3.75,4.8,1.7133333333333332,3.81,4.97,0.5836575875486382,0.26246719160104987,0.2012072434607646,0.557280380002021,0.250605525215257,0.19211409478272218
18/03/2023,Brentford,Leicester,1,1,D,1.91,3.6,3.75,1.95,3.79,3.94,1.95,3.6,3.75,1.9366666666666665,3.6633333333333336,3.813333333333333,0.5163511187607573,0.272975432211101,0.26223776223776224,0.49103142078370154,0.25958985939520524,0.24937871982109316
18/03/2023,Southampton,Tottenham,3,3,D,4.75,3.6,1.75,4.62,3.78,1.82,4.5,3.5,1.8,4.623333333333334,3.6266666666666665,1.79,0.2162941600576784,0.2757352941176471,0.5586592178770949,0.20585941945597294,0.2624329180013185,0.5317076625427085
18/03/2023,Wolves,Leeds,2,4,A,2.25,3.2,3.3,2.3,3.25,3.5,2.25,3.2,3.25,2.2666666666666666,3.216666666666667,3.35,0.4411764705882353,0.31088082901554404,0.29850746268656714,0.41994219340311983,0.2959178150405404,0.2841399915563398
18/03/2023,Chelsea,Everton,2,2,D,1.5,4.2,7.5,1.5,4.19,7.95,1.47,4.0,7.5,1.49,4.13,7.6499999999999995,0.6711409395973155,0.24213075060532688,0.13071895424836602,0.6428610669688911,0.23192808469337717,0.12521084833773174
19/03/2023,Arsenal,Crystal Palace,4,1,H,1.25,5.5,15.0,1.26,6.02,12.73,1.24,5.5,15.0,1.25,5.673333333333333,14.243333333333334,0.8,0.17626321974148063,0.07020828457758015,0.7644737546107958,0.16843575674444677,0.0670904886447574
01/04/2023,Man City,Liverpool,4,1,H,1.62,4.2,5.0,1.66,4.22,5.26,1.62,4.0,5.25,1.6333333333333335,4.14,5.17,0.6122448979591836,0.24154589371980678,0.19342359767891684,0.5846414107569488,0.2306556290425966,0.1847029602004545
01/04/2023,Arsenal,Leeds,4,1,H,1.29,6.0,9.0,1.29,5.97,10.92,1.27,5.5,11.0,1.2833333333333334,5.823333333333333,10.306666666666667,0.7792207792207791,0.17172295363480253,0.09702457956015524,0.743553760155733,0.16386273477959776,0.09258350506466924
01/04/2023,Bournemouth,Fulham,2,1,H,2.55,3.3,2.8,2.56,3.44,2.89,2.55,3.25,2.75,2.5533333333333332,3.33,2.813333333333333,0.391644908616188,0.3003003003003003,0.3554502369668247,0.3739226766313627,0.2867114817814052,0.3393658415872321
01/04/2023,Brighton,Brentford,3,3,D,1.67,4.0,5.0,1.67,4.18,5.16,1.65,3.9,5.0,1.6633333333333333,4.026666666666666,5.053333333333334,0.6012024048096193,0.24834437086092717,0.19788918205804748,0.5739753350776217,0.23709742732097122,0.18892723760140712
01/04/2023,Crystal Palace,Leicester,2,1,H,2.5,3.25,2.9,2.56,3.28,3.02,2.5,3.2,2.88,2.52,3.2433333333333336,2.9333333333333336,0.3968253968253968,0.3083247687564234,0.3409090909090909,0.37935269380109415,0.2947488556152386,0.3258984505836673
01/04/2023,Nott'm Forest,Wolves,1,1,D,3.0,3.1,2.55,3.01,3.16,2.64,2.88,3.1,2.55,2.9633333333333334,3.1199999999999997,2.5799999999999996,0.3374578177727784,0.32051282051282054,0.3875968992248063,0.3227508560339366,0.3065443493741129,0.3707047945919505
01/04/2023,Chelsea,Aston Villa,0,2,A,1.67,3.8,5.25,1.69,3.83,5.57,1.67,3.7,5.25,1.6766666666666665,3.776666666666667,5.3566666666666665,0.5964214711729623,0.26478375992939096,0.1866832607342875,0.569165016907105,0.25268314519353374,0.1781518378993614
02/04/2023,West Ham,Southampton,1,0,H,1.73,3.6,5.0,1.77,3.89,4.82,1.73,3.6,5.0,1.7433333333333334,3.6966666666666668,4.94,0.5736137667304015,0.27051397655545534,0.20242914979757085,0.5480961145269292,0.2584799530185608,0.1934239324545101
02/04/2023,Newcastle,Man United,2,0,H,2.4,3.4,2.9,2.4,3.55,3.03,2.38,3.4,2.88,2.393333333333333,3.4499999999999997,2.936666666666666,0.4178272980501393,0.2898550724637681,0.34052213393870606,0.39861238553666994,0.27652530706795075,0.3248623073953792
03/04/2023,Everton,Tottenham,1,1,D,3.4,3.3,2.2,3.44,3.45,2.24,3.5,3.2,2.15,3.4466666666666668,3.3166666666666664,2.1966666666666668,0.2901353965183752,0.30150753768844224,0.4552352048558422,0.2771434283441557,0.28800633659081104,0.43485023506503334
04/04/2023,Bournemouth,Brighton,0,2,A,6.0,4.2,1.53,6.16,4.37,1.58,6.0,4.0,1.55,6.053333333333334,4.19,1.5533333333333335,0.16519823788546253,0.2386634844868735,0.6437768240343347,0.157686292139671,0.22781090415723354,0.6145028037030955
04/04/2023,Leeds,Nott'm Forest,2,1,H,1.7,3.75,5.0,1.72,3.97,5.23,1.73,3.6,5.0,1.7166666666666668,3.7733333333333334,5.076666666666667,0.5825242718446602,0.26501766784452296,0.1969796454366382,0.5576948146787126,0.25372158088298324,0.18858360443830402
04/04/2023,Leicester,Aston Villa,1,2,A,2.55,3.3,2.75,2.68,3.4,2.82,2.45,3.4,2.8,2.56,3.3666666666666667,2.7900000000000005,0.390625,0.297029702970297,0.3584229390681003,0.37341874474902664,0.283946134621042,0.3426351206299312
04/04/2023,Chelsea,Liverpool,0,0,D,2.2,3.4,3.25,2.26,3.51,3.4,2.25,3.3,3.2,2.236666666666667,3.4033333333333338,3.2833333333333337,0.4470938897168405,0.2938295788442703,0.3045685279187817,0.42763970572914783,0.2810443119924174,0.2913159822784347
05/04/2023,Man United,Brentford,1,0,H,1.65,4.0,5.0,1.67,4.23,5.09,1.63,4.0,5.0,1.6499999999999997,4.076666666666667,5.03,0.6060606060606062,0.2452984464431725,0.19880715705765406,0.5771092237996378,0.23358059344302587,0.1893101827573364
05/04/2023,West Ham,Newcastle,1,5,A,3.6,3.25,2.15,3.63,3.46,2.15,3.5,3.3,2.15,3.5766666666666667,3.3366666666666664,2.15,0.27958993476234856,0.2997002997002997,0.46511627906976744,0.2677022128258403,0.2869575168452813,0.44534027032887846
08/04/2023,Man United,Everton,2,0,H,1.5,4.33,6.5,1.52,4.42,6.88,1.47,4.2,7.0,1.4966666666666668,4.316666666666666,6.793333333333333,0.6681514476614698,0.23166023166023167,0.14720314033366047,0.6381489880739226,0.2212578344750512,0.14059317745102617
08/04/2023,Aston Villa,Nott'm Forest,2,0,H,1.6,4.2,5.25,1.64,4.16,5.5,1.6,3.8,5.8,1.6133333333333333,4.053333333333334,5.516666666666667,0.6198347107438017,0.24671052631578946,0.18126888217522658,0.5915502562577086,0.23545256910257478,0.17299717463971656
08/04/2023,Brentford,Newcastle,1,2,A,3.6,3.4,2.05,3.58,3.58,2.13,3.7,3.3,2.05,3.6266666666666665,3.426666666666667,2.0766666666666667,0.2757352941176471,0.29182879377431903,0.48154093097913325,0.2628290677842291,0.2781692857482891,0.4590016464674819
08/04/2023,Fulham,West Ham,0,1,A,2.8,3.25,2.63,2.81,3.33,2.69,2.75,3.2,2.62,2.7866666666666666,3.2600000000000002,2.646666666666667,0.3588516746411483,0.3067484662576687,0.37783375314861456,0.343914144143027,0.29397977965600264,0.36210607620097046
08/04/2023,Leicester,Bournemouth,0,1,A,1.83,3.75,4.2,1.91,3.76,4.18,1.83,3.6,4.2,1.8566666666666667,3.703333333333333,4.1933333333333325,0.5385996409335727,0.27002700270027,0.23847376788553265,0.5143724852061206,0.2578807149053188,0.2277467998885606
08/04/2023,Tottenham,Brighton,2,1,H,2.55,3.5,2.7,2.58,3.68,2.72,2.5,3.5,2.7,2.5433333333333334,3.56,2.706666666666667,0.3931847968545216,0.2808988764044944,0.36945812807881767,0.37677915379187854,0.26917836548989077,0.35404248071823063
08/04/2023,Wolves,Chelsea,1,0,H,4.2,3.5,1.91,4.28,3.58,1.93,4.2,3.3,1.95,4.226666666666667,3.4599999999999995,1.93,0.23659305993690852,0.28901734104046245,0.5181347150259068,0.22667704625327847,0.27690413742693365,0.49641881631978785
08/04/2023,Southampton,Man City,1,4,A,11.0,6.0,1.25,12.65,6.46,1.24,13.0,5.8,1.24,12.216666666666667,6.086666666666667,1.2433333333333334,0.08185538881309685,0.16429353778751368,0.8042895442359249,0.07792497236692963,0.15640472274085276,0.7656703048922175
09/04/2023,Leeds,Crystal Palace,1,5,A,2.1,3.4,3.6,2.14,3.48,3.67,2.1,3.25,3.6,2.1133333333333333,3.3766666666666665,3.623333333333333,0.47318611987381703,0.29615004935834155,0.27598896044158233,0.4526688457413287,0.2833090307996075,0.26402212345906384
09/04/2023,Liverpool,Arsenal,2,2,D,2.88,3.6,2.38,2.82,3.81,2.44,2.7,3.6,2.4,2.7999999999999994,3.67,2.4066666666666667,0.3571428571428572,0.2724795640326976,0.4155124653739612,0.34171939118973865,0.2607123420521167,0.3975682667581446
15/04/2023,Aston Villa,Newcastle,3,0,H,3.6,3.4,2.05,3.71,3.47,2.13,3.6,3.3,2.1,3.6366666666666667,3.39,2.0933333333333333,0.27497708524289644,0.2949852507374631,0.47770700636942676,0.2624655262185668,0.281563312787076,0.45597116099435725
15/04/2023,Chelsea,Brighton,1,2,A,2.63,3.4,2.63,2.67,3.52,2.72,2.62,3.3,2.62,2.64,3.4066666666666663,2.6566666666666667,0.3787878787878788,0.2935420743639922,0.37641154328732745,0.36118326591822747,0.2798993606724425,0.35891737340933016
15/04/2023,Everton,Fulham,1,3,A,2.05,3.4,3.7,2.08,3.48,3.85,2.05,3.25,3.8,2.06,3.3766666666666665,3.7833333333333337,0.4854368932038835,0.29615004935834155,0.2643171806167401,0.46413135051846444,0.28315219607148173,0.2527164534100538
15/04/2023,Southampton,Crystal Palace,0,2,A,2.8,3.1,2.7,2.88,3.19,2.73,2.75,3.2,2.6,2.81,3.1633333333333336,2.6766666666666663,0.35587188612099646,0.3161222339304531,0.3735990037359901,0.34035408040168236,0.30233771314922886,0.3573082064490887
15/04/2023,Tottenham,Bournemouth,2,3,A,1.45,4.5,7.0,1.49,4.68,6.8,1.47,4.33,7.0,1.47,4.503333333333333,6.933333333333334,0.6802721088435374,0.2220577350111029,0.14423076923076922,0.6500073673114818,0.21217857067680498,0.1378140620117132
15/04/2023,Wolves,Brentford,2,0,H,2.45,3.1,3.0,2.57,3.26,3.01,2.45,3.1,3.0,2.4899999999999998,3.153333333333333,3.0033333333333334,0.4016064257028113,0.31712473572938693,0.33296337402885684,0.3818660382472654,0.301536924493348,0.3165970372593865
15/04/2023,Man City,Leicester,3,1,H,1.14,8.5,15.0,1.16,8.82,16.85,1.14,7.5,19.0,1.1466666666666665,8.273333333333333,16.95,0.8720930232558141,0.12087026591458501,0.058997050147492625,0.8290170177150342,0.11490002179450916,0.05608296049045658
16/04/2023,West Ham,Arsenal,2,2,D,6.0,4.2,1.55,6.14,4.29,1.57,5.8,4.0,1.57,5.98,4.163333333333333,1.5633333333333335,0.16722408026755853,0.2401921537229784,0.6396588486140724,0.15970591130063663,0.22939343864959338,0.6109006500497699
16/04/2023,Nott'm Forest,Man United,0,2,A,5.5,4.0,1.62,5.07,4.01,1.71,5.0,3.8,1.67,5.19,3.936666666666666,1.6666666666666667,0.19267822736030826,0.25402201524132095,0.6,0.18408157323188945,0.24268840772400674,0.5732300190441038
17/04/2023,Leeds,Liverpool,1,6,A,4.2,4.2,1.73,4.39,4.42,1.74,4.33,4.0,1.73,4.306666666666667,4.206666666666667,1.7333333333333332,0.23219814241486067,0.23771790808240886,0.576923076923077,0.22180881124213472,0.22708160390240734,0.5511095848554579
21/04/2023,Arsenal,Southampton,3,3,D,1.2,7.0,13.0,1.21,7.62,14.32,1.18,7.0,15.0,1.1966666666666665,7.206666666666667,14.106666666666667,0.8356545961002786,0.13876040703052728,0.07088846880907372,0.7994373103434418,0.13274652840577963,0.06781616125077873
22/04/2023,Fulham,Leeds,2,1,H,2.3,3.4,3.1,2.44,3.47,3.03,2.35,3.4,2.9,2.3633333333333333,3.4233333333333333,3.01,0.4231311706629055,0.2921129503407984,0.33222591362126247,0.4039553941172192,0.2788747560166586,0.3171698498661223
22/04/2023,Brentford,Aston Villa,1,1,D,2.5,3.25,2.88,2.55,3.51,2.85,2.5,3.3,2.8,2.5166666666666666,3.353333333333333,2.8433333333333337,0.3973509933774835,0.29821073558648115,0.3516998827667057,0.3794190381148739,0.28475285663690836,0.33582810524821777
22/04/2023,Crystal Palace,Everton,0,0,D,2.05,3.2,3.75,2.15,3.28,3.87,2.1,3.2,3.75,2.0999999999999996,3.2266666666666666,3.7900000000000005,0.4761904761904763,0.30991735537190085,0.26385224274406327,0.4535319845423911,0.29517060977449,0.251297405683119
22/04/2023,Leicester,Wolves,2,1,H,2.38,3.3,3.0,2.46,3.31,3.14,2.4,3.2,3.0,2.4133333333333336,3.2699999999999996,3.046666666666667,0.41436464088397784,0.30581039755351686,0.3282275711159737,0.39523427079265133,0.29169175540660514,0.31307397380074353
22/04/2023,Liverpool,Nott'm Forest,3,2,H,1.17,7.5,17.0,1.19,7.71,15.51,1.17,7.0,17.0,1.1766666666666665,7.403333333333333,16.503333333333334,0.84985835694051,0.135074290859973,0.0605938194304181,0.8128520736460911,0.12919260783298972,0.05795531852091903
23/04/2023,Bournemouth,West Ham,0,4,A,2.88,3.2,2.55,2.85,3.3,2.68,2.8,3.2,2.55,2.8433333333333337,3.233333333333333,2.5933333333333333,0.3516998827667057,0.30927835051546393,0.3856041131105399,0.3360460684043845,0.29551267664839176,0.3684412549472237
23/04/2023,Newcastle,Tottenham,6,1,H,1.83,3.75,4.2,1.84,3.94,4.31,1.85,3.7,4.0,1.8399999999999999,3.796666666666667,4.17,0.5434782608695653,0.2633889376646181,0.23980815347721823,0.5192424373280218,0.25164339368311495,0.22911416898886328
25/04/2023,Wolves,Crystal Palace,2,0,H,2.45,3.2,3.0,2.56,3.15,3.13,2.5,3.0,3.1,2.5033333333333334,3.1166666666666667,3.0766666666666667,0.3994673768308921,0.32085561497326204,0.3250270855904659,0.3821374154642101,0.30693604172579875,0.31092654280999116
25/04/2023,Aston Villa,Fulham,1,0,H,1.75,4.0,4.2,1.8,3.99,4.45,1.8,3.6,4.4,1.7833333333333332,3.8633333333333333,4.3500000000000005,0.5607476635514019,0.25884383088869717,0.22988505747126434,0.5343117600199242,0.24664089008685025,0.21904734989322558
25/04/2023,Leeds,Leicester,1,1,D,2.3,3.5,3.0,2.39,3.59,3.02,2.35,3.4,2.9,2.3466666666666662,3.4966666666666666,2.973333333333333,0.4261363636363637,0.2859866539561487,0.336322869955157,0.4064457390672808,0.27277197359710736,0.32078228733561176
26/04/2023,Nott'm Forest,Brighton,3,1,H,6.0,4.2,1.53,6.12,4.42,1.56,6.0,4.2,1.52,6.04,4.273333333333333,1.5366666666666664,0.16556291390728478,0.23400936037441497,0.6507592190889372,0.15762920083065773,0.222795719114783,0.6195750800545593
26/04/2023,Chelsea,Brentford,0,2,A,1.7,4.0,4.75,1.73,3.93,5.06,1.67,3.8,5.0,1.7,3.91,4.9366666666666665,0.5882352941176471,0.2557544757033248,0.2025658338960162,0.5620678844281637,0.24437734105572334,0.19355477451611305
26/04/2023,West Ham,Liverpool,1,2,A,3.9,3.9,1.85,4.07,3.97,1.88,3.9,3.7,1.88,3.956666666666667,3.856666666666667,1.8699999999999999,0.2527379949452401,0.25929127052722556,0.5347593582887701,0.24144128929976563,0.2477016511657924,0.5108570595344418
26/04/2023,Man City,Arsenal,4,1,H,1.55,4.5,5.25,1.57,4.52,5.71,1.52,4.33,5.8,1.5466666666666669,4.45,5.586666666666667,0.6465517241379309,0.2247191011235955,0.17899761336515513,0.6156061634903113,0.21396349053146402,0.17043034597822462
27/04/2023,Everton,Newcastle,1,4,A,4.75,3.6,1.73,5.03,3.83,1.75,4.75,3.5,1.78,4.843333333333334,3.643333333333333,1.7533333333333332,0.2064693737095664,0.2744739249771272,0.570342205323194,0.19639705191599835,0.26108409554798323,0.5425188525360184
27/04/2023,Southampton,Bournemouth,0,1,A,2.25,3.4,3.2,2.34,3.49,3.19,2.25,3.3,3.2,2.28,3.396666666666667,3.1966666666666668,0.4385964912280702,0.2944062806673209,0.31282586027111575,0.4193770162129593,0.2815052787926046,0.299117704994436
27/04/2023,Tottenham,Man United,2,2,D,2.8,3.6,2.4,2.81,3.72,2.48,2.8,3.5,2.38,2.8033333333333332,3.606666666666667,2.42,0.356718192627824,0.277264325323475,0.4132231404958678,0.3406381447143613,0.26476587773084825,0.3945959775547905
29/04/2023,Crystal Palace,West Ham,4,3,H,2.63,3.25,2.75,2.73,3.24,2.83,2.7,3.1,2.7,2.686666666666666,3.1966666666666668,2.7600000000000002,0.3722084367245658,0.31282586027111575,0.3623188405797101,0.3553800751351386,0.29868231549418317,0.34593760937067825
29/04/2023,Brentford,Nott'm Forest,2,1,H,1.65,3.8,5.5,1.68,3.92,5.54,1.65,3.7,5.5,1.6600000000000001,3.8066666666666666,5.513333333333333,0.6024096385542168,0.2626970227670753,0.18137847642079807,0.5756504481793058,0.2510279537594521,0.17332159806124203
29/04/2023,Brighton,Wolves,6,0,H,1.5,4.33,6.5,1.51,4.48,6.75,1.47,4.2,7.0,1.4933333333333332,4.336666666666667,6.75,0.6696428571428572,0.23059185242121444,0.14814814814814814,0.6387388464211932,0.2199500408890811,0.14131111268972568
30/04/2023,Bournemouth,Leeds,4,1,H,2.55,3.5,2.7,2.65,3.57,2.69,2.55,3.4,2.7,2.583333333333333,3.49,2.6966666666666668,0.38709677419354843,0.28653295128939826,0.37082818294190356,0.37061979335991635,0.27433652326068303,0.3550436833794007
30/04/2023,Fulham,Man City,1,2,A,12.0,6.0,1.25,11.97,6.48,1.25,12.0,5.8,1.24,11.99,6.093333333333334,1.2466666666666668,0.08340283569641367,0.16411378555798686,0.802139037433155,0.07945732965484795,0.156350117488232,0.7641925528569199
30/04/2023,Man United,Aston Villa,1,0,H,1.73,3.9,4.6,1.81,4.03,4.34,1.78,3.75,4.33,1.7733333333333334,3.893333333333333,4.423333333333333,0.5639097744360902,0.2568493150684932,0.2260738507912585,0.5386817253541197,0.24535845709622575,0.21595981754965463
30/04/2023,Newcastle,Southampton,3,1,H,1.3,5.25,10.0,1.33,5.71,9.61,1.32,5.0,10.0,1.3166666666666667,5.32,9.87,0.759493670886076,0.18796992481203006,0.10131712259371835,0.7241682247201134,0.17922709822333632,0.0966046770565501
30/04/2023,Liverpool,Tottenham,4,3,H,1.53,4.5,5.75,1.54,4.97,5.51,1.52,4.5,5.5,1.53,4.656666666666666,5.586666666666666,0.6535947712418301,0.21474588403722264,0.17899761336515516,0.6240531744227359,0.20503966146029765,0.17090716411696646
01/05/2023,Leicester,Everton,2,2,D,2.0,3.5,3.75,2.04,3.48,3.98,2.05,3.3,3.7,2.03,3.426666666666667,3.81,0.4926108374384237,0.29182879377431903,0.26246719160104987,0.4705393323490085,0.27875335933905265,0.2507073083119389
02/05/2023,Arsenal,Chelsea,3,1,H,1.6,4.0,5.5,1.59,4.32,5.96,1.57,4.0,5.8,1.586666666666667,4.1066666666666665,5.753333333333334,0.630252100840336,0.24350649350649353,0.17381228273464658,0.6016319416937336,0.2324487047453062,0.16591935356096016
03/05/2023,Liverpool,Fulham,1,0,H,1.25,5.75,11.0,1.27,6.5,10.02,1.25,5.8,11.0,1.2566666666666666,6.016666666666667,10.673333333333332,0.7957559681697614,0.16620498614958448,0.09369144284821987,0.7538049175134393,0.15744291074934436,0.0887521717372163
03/05/2023,Man City,West Ham,3,0,H,1.2,7.0,13.0,1.21,7.27,13.54,1.18,7.0,15.0,1.1966666666666665,7.09,13.846666666666666,0.8356545961002786,0.14104372355430184,0.07221954742416949,0.7966825833824221,0.13446593673450377,0.06885147988307404
04/05/2023,Brighton,Man United,1,0,H,1.95,3.5,3.75,2.05,3.84,3.57,2.0,3.7,3.4,2.0,3.6799999999999997,3.5733333333333337,0.5,0.27173913043478265,0.2798507462686567,0.47547053378586845,0.2584078987966677,0.2661215674174637
06/05/2023,Bournemouth,Chelsea,1,3,A,3.3,3.5,2.15,3.46,3.55,2.19,3.4,3.4,2.1,3.3866666666666667,3.483333333333333,2.1466666666666665,0.2952755905511811,0.2870813397129187,0.46583850931677023,0.2816989841791809,0.27388150040770126,0.44441951541311775
06/05/2023,Man City,Leeds,2,1,H,1.17,8.5,15.0,1.18,8.6,14.23,1.15,7.5,17.0,1.1666666666666665,8.200000000000001,15.410000000000002,0.8571428571428572,0.1219512195121951,0.06489292667099285,0.8210282833139493,0.1168129671381635,0.062158749547887124
06/05/2023,Tottenham,Crystal Palace,1,0,H,1.8,3.8,4.2,1.84,3.98,4.24,1.78,3.75,4.33,1.8066666666666666,3.8433333333333333,4.256666666666667,0.5535055350553506,0.26019080659150046,0.23492560689115113,0.5278408828148723,0.24812641672650543,0.22403270045862234
06/05/2023,Wolves,Aston Villa,1,0,H,2.88,3.3,2.5,3.06,3.31,2.51,3.0,3.2,2.45,2.98,3.2699999999999996,2.486666666666667,0.33557046979865773,0.30581039755351686,0.40214477211796246,0.3215737659968257,0.29305499164236715,0.38537124236080716
06/05/2023,Liverpool,Brentford,1,0,H,1.44,5.0,6.0,1.49,5.09,6.17,1.47,4.6,6.0,1.4666666666666666,4.8966666666666665,6.0566666666666675,0.6818181818181819,0.2042205582028591,0.16510731975784257,0.6486426652844111,0.19428371186190663,0.15707362285368232
07/05/2023,Newcastle,Arsenal,0,2,A,2.45,3.75,2.63,2.51,3.8,2.73,2.5,3.6,2.62,2.486666666666667,3.716666666666667,2.6599999999999997,0.40214477211796246,0.26905829596412556,0.3759398496240602,0.38404000573187597,0.25694515181702193,0.3590148424511021
07/05/2023,West Ham,Man United,1,0,H,3.4,3.75,2.05,3.57,3.78,2.07,3.3,3.6,2.1,3.4233333333333333,3.7099999999999995,2.073333333333333,0.2921129503407984,0.2695417789757413,0.48231511254019305,0.2798097594670613,0.25818923896915724,0.4620010015637815
08/05/2023,Fulham,Leicester,5,3,H,2.63,3.5,2.6,2.71,3.61,2.62,2.6,3.5,2.55,2.6466666666666665,3.5366666666666666,2.5900000000000003,0.3778337531486146,0.2827521206409048,0.38610038610038605,0.360980904811301,0.27014028126312256,0.36887881392557653
08/05/2023,Brighton,Everton,1,5,A,1.33,5.25,9.0,1.38,5.34,8.38,1.33,5.0,9.0,1.3466666666666667,5.196666666666666,8.793333333333335,0.7425742574257426,0.19243104554201412,0.11372251705837753,0.7080714778856898,0.1834899788748035,0.10843854323950668
08/05/2023,Nott'm Forest,Southampton,4,3,H,2.1,3.6,3.4,2.17,3.6,3.45,2.1,3.4,3.5,2.123333333333333,3.533333333333333,3.4499999999999997,0.4709576138147567,0.2830188679245283,0.2898550724637681,0.45118162209066814,0.271134616294109,0.2776837616152228
13/05/2023,Leeds,Newcastle,2,2,D,4.33,4.2,1.7,4.62,4.33,1.71,4.6,4.0,1.7,4.516666666666667,4.176666666666667,1.7033333333333334,0.22140221402214022,0.23942537909018355,0.5870841487279843,0.2112794476692483,0.22847857269898758,0.560241979631764
13/05/2023,Aston Villa,Tottenham,2,1,H,2.25,3.6,2.9,2.34,3.72,3.01,2.2,3.5,3.1,2.263333333333333,3.606666666666667,3.0033333333333334,0.44182621502209135,0.277264325323475,0.33296337402885684,0.419965373433178,0.2635457380417078,0.3164888885251142
13/05/2023,Chelsea,Nott'm Forest,2,2,D,1.5,4.5,6.0,1.51,4.47,6.88,1.5,4.2,6.5,1.5033333333333332,4.39,6.46,0.6651884700665189,0.22779043280182235,0.15479876160990713,0.6348565087973662,0.21740340582202897,0.14774008538060482
13/05/2023,Crystal Palace,Bournemouth,2,0,H,1.83,3.6,4.2,1.88,3.82,4.24,1.83,3.6,4.2,1.8466666666666667,3.6733333333333333,4.213333333333334,0.5415162454873647,0.27223230490018147,0.2373417721518987,0.5151947781034231,0.25899991567086783,0.22580530622570913
13/05/2023,Man United,Wolves,2,0,H,1.36,5.0,7.5,1.38,5.24,8.6,1.36,4.8,8.5,1.366666666666667,5.013333333333333,8.200000000000001,0.7317073170731706,0.199468085106383,0.1219512195121951,0.694795195565137,0.1894056051740068,0.11579919926085616
13/05/2023,Southampton,Fulham,0,2,A,2.75,3.3,2.5,2.84,3.56,2.54,2.88,3.3,2.45,2.823333333333333,3.3866666666666667,2.4966666666666666,0.35419126328217243,0.2952755905511811,0.4005340453938585,0.33732472376247763,0.2812146073098607,0.3814606689276616
14/05/2023,Brentford,West Ham,2,0,H,2.0,3.5,3.6,2.06,3.65,3.71,2.05,3.4,3.6,2.0366666666666666,3.516666666666667,3.6366666666666667,0.4909983633387889,0.2843601895734597,0.27497708524289644,0.4674680602109242,0.27073268700367265,0.261799252785403
14/05/2023,Everton,Man City,0,3,A,9.0,4.75,1.36,8.95,5.45,1.36,9.0,4.8,1.35,8.983333333333333,5.0,1.3566666666666667,0.11131725417439704,0.2,0.7371007371007371,0.10617640588083374,0.1907636092325646,0.7030599848866017
14/05/2023,Arsenal,Brighton,0,3,A,1.73,4.2,4.2,1.78,4.36,4.21,1.73,4.0,4.33,1.7466666666666668,4.1866666666666665,4.246666666666667,0.5725190839694656,0.23885350318471338,0.23547880690737832,0.5468962330443247,0.2281637150598934,0.2249400518957819
15/05/2023,Leicester,Liverpool,0,3,A,5.25,4.33,1.57,4.99,4.74,1.61,5.0,4.4,1.57,5.08,4.49,1.5833333333333333,0.19685039370078738,0.22271714922048996,0.6315789473684211,0.18727208388103445,0.21188021962486747,0.600847696494098
18/05/2023,Newcastle,Brighton,4,1,H,2.0,3.8,3.5,2.06,3.95,3.44,2.0,3.7,3.4,2.02,3.8166666666666664,3.4466666666666668,0.49504950495049505,0.26200873362445415,0.2901353965183752,0.4727392225854934,0.25020084618935284,0.27705993122515377
20/05/2023,Tottenham,Brentford,1,3,A,1.83,3.9,4.0,1.85,3.99,4.16,1.83,3.6,4.2,1.8366666666666667,3.83,4.12,0.5444646098003629,0.2610966057441253,0.24271844660194175,0.5193886988950367,0.24907151705062244,0.2315397840543408
20/05/2023,Bournemouth,Man United,0,1,A,6.0,4.75,1.5,5.87,4.84,1.53,6.5,4.5,1.47,6.123333333333334,4.696666666666666,1.5,0.16330974414806748,0.21291696238467,0.6666666666666666,0.15659294453762168,0.20415985742768708,0.6392471980346912
20/05/2023,Fulham,Crystal Palace,2,2,D,2.45,3.4,2.9,2.49,3.39,3.03,2.38,3.3,3.0,2.44,3.3633333333333333,2.9766666666666666,0.4098360655737705,0.29732408325074333,0.335946248600224,0.3928995801248942,0.2850371582273762,0.32206326164772964
20/05/2023,Liverpool,Aston Villa,1,1,D,1.45,5.0,6.25,1.5,5.07,5.94,1.47,4.5,6.5,1.4733333333333334,4.8566666666666665,6.23,0.6787330316742082,0.2059025394646534,0.16051364365971107,0.6494125643150559,0.1970077923316779,0.1535796433532663
20/05/2023,Wolves,Everton,1,1,D,2.75,3.3,2.6,2.81,3.36,2.67,2.7,3.25,2.6,2.753333333333334,3.3033333333333332,2.623333333333333,0.3631961259079902,0.3027245206861756,0.38119440914866587,0.3468540767474077,0.28910339797513507,0.36404252527745723
20/05/2023,Nott'm Forest,Arsenal,1,0,H,5.25,4.33,1.57,5.37,4.47,1.61,5.5,4.33,1.55,5.373333333333334,4.376666666666667,1.5766666666666669,0.18610421836228286,0.22848438690022846,0.6342494714587738,0.17743846499552438,0.21784524415292103,0.6047162908515546
21/05/2023,West Ham,Leeds,3,1,H,2.4,3.5,2.88,2.51,3.65,2.82,2.4,3.4,2.88,2.436666666666667,3.516666666666667,2.8599999999999994,0.41039671682626533,0.2843601895734597,0.34965034965034975,0.3929470179845137,0.2722694503759996,0.33478353163948676
21/05/2023,Brighton,Southampton,3,1,H,1.22,7.0,11.0,1.23,6.99,12.43,1.22,6.0,13.0,1.2233333333333334,6.663333333333334,12.143333333333333,0.8174386920980926,0.15007503751875936,0.08234971177600879,0.7786143034122527,0.142947198275286,0.07843849831246137
21/05/2023,Man City,Chelsea,1,0,H,1.25,6.0,11.0,1.26,6.39,11.14,1.24,6.0,12.0,1.25,6.13,11.38,0.8,0.1631321370309951,0.08787346221441124,0.7611757735395306,0.1552152882421555,0.08360893821831397
22/05/2023,Newcastle,Leicester,0,0,D,1.36,5.5,7.0,1.4,5.55,7.24,1.36,5.0,8.0,1.3733333333333333,5.3500000000000005,7.413333333333334,0.7281553398058253,0.18691588785046728,0.13489208633093525,0.6935055064358971,0.17802135118479104,0.12847314237931187
24/05/2023,Brighton,Man City,1,1,D,4.0,4.33,1.75,3.93,4.39,1.83,3.9,4.0,1.8,3.9433333333333334,4.239999999999999,1.7933333333333332,0.25359256128486896,0.23584905660377362,0.5576208178438662,0.24219430726445604,0.22524832192912858,0.5325573708064155
25/05/2023,Man United,Chelsea,4,1,H,1.6,4.33,5.0,1.63,4.49,5.19,1.6,4.2,5.0,1.61,4.34,5.0633333333333335,0.6211180124223602,0.2304147465437788,0.19749835418038184,0.5920873124147339,0.21964529331514326,0.1882673942701228
28/05/2023,Arsenal,Wolves,5,0,H,1.36,5.25,8.0,1.38,5.51,7.66,1.3,4.75,7.0,1.3466666666666667,5.17,7.553333333333334,0.7425742574257426,0.19342359767891684,0.13239187996469548,0.6950406139736433,0.18104217153149704,0.1239172144948596
28/05/2023,Aston Villa,Brighton,2,1,H,2.0,3.6,3.5,2.05,4.03,3.35,1.95,3.6,3.0,2.0,3.7433333333333336,3.283333333333333,0.5,0.26714158504007124,0.30456852791878175,0.4665440719035157,0.2492666457187083,0.2841892823777761
28/05/2023,Brentford,Man City,1,0,H,3.8,4.0,1.83,4.04,4.1,1.84,3.5,3.7,1.75,3.78,3.9333333333333336,1.8066666666666666,0.2645502645502646,0.2542372881355932,0.5535055350553506,0.24671451077572573,0.23709682645734995,0.5161886627669243
28/05/2023,Chelsea,Newcastle,1,1,D,2.9,3.5,2.38,2.89,3.74,2.38,2.75,3.4,2.15,2.8466666666666662,3.546666666666667,2.3033333333333332,0.35128805620608905,0.2819548872180451,0.43415340086830684,0.3291074192679121,0.26415200757029783,0.40674057316179
28/05/2023,Crystal Palace,Nott'm Forest,1,1,D,1.67,4.0,5.0,1.68,4.28,4.8,1.62,3.7,4.2,1.6566666666666665,3.9933333333333336,4.666666666666667,0.6036217303822938,0.25041736227045075,0.21428571428571427,0.5650170495545421,0.2344018978535955,0.20058105259186243
28/05/2023,Everton,Bournemouth,1,0,H,1.5,4.5,6.5,1.5,4.63,6.54,1.36,4.2,6.5,1.4533333333333334,4.4433333333333325,6.513333333333333,0.6880733944954128,0.22505626406601656,0.1535312180143296,0.6450723089275533,0.21099139286752686,0.1439362982049198
28/05/2023,Leeds,Tottenham,1,4,A,2.75,3.8,2.3,2.81,3.93,2.36,2.6,3.5,2.2,2.72,3.7433333333333336,2.2866666666666666,0.3676470588235294,0.26714158504007124,0.43731778425655976,0.34292030080275193,0.2491745017409133,0.4079051974563347
28/05/2023,Leicester,West Ham,2,1,H,1.91,3.8,3.6,1.95,4.02,3.64,1.85,3.6,3.3,1.9033333333333333,3.8066666666666666,3.513333333333333,0.5253940455341506,0.2626970227670753,0.28462998102466797,0.48977695167286245,0.24488847583643122,0.26533457249070636
28/05/2023,Man United,Fulham,2,1,H,1.5,4.33,6.0,1.53,4.65,5.84,1.44,4.2,5.5,1.4900000000000002,4.3933333333333335,5.78,0.6711409395973154,0.2276176024279211,0.17301038062283736,0.6261992911112718,0.21237563211436916,0.16142507677435902
28/05/2023,Southampton,Liverpool,4,4,D,6.5,4.75,1.44,6.68,5.29,1.43,6.0,4.75,1.33,6.3933333333333335,4.93,1.4000000000000001,0.15641293013555788,0.20283975659229211,0.7142857142857142,0.14569849572952687,0.18894504043896723,0.6653564638315058
